,Hashtags
0,"0       [#FilhallPart2, #desimelodies, #CapeOfGoodFilms]
1                         [#Durgavati, #CapeOfGoodFilms]
2           [#Activa6G,, #GameOfSixes, #6ChangesTheGame]
3                                                     []
4                            [#MondayVibes, #LetsDoThis]
                              ...                       
3195                                    [#PadManTrailer]
3196                                    [#PadManTrailer]
3197                                    [#PadManTrailer]
3198                                   [#PadManTrailer.]
3199                                    [#PadManTrailer]
Name: Hashtags(#), Length: 3200, dtype: object"
