"Tweet Id","Media Id","Media URL","Tweet URL"
"""1219728261233639425""","""1219728239389749249""",https://pbs.twimg.com/media/EO1YXw9WsAEFlNW.jpg,https://t.co/Wwl7ECqATB
"""1219654387427106816""","""1219654379386613762""",https://pbs.twimg.com/media/EO0VMjAWsAIWpCp.jpg,https://t.co/taolEESubl
"""1219654387427106816""","""1219654379390873600""",https://pbs.twimg.com/media/EO0VMjBXsAAOSzK.jpg,https://t.co/taolEESubl
"""1219107852171632640""","""1219107837827112960""",https://pbs.twimg.com/media/EOskHpCUYAAbEc6.jpg,https://t.co/u92FFMtVli
"""1219107852171632640""","""1219107837822955520""",https://pbs.twimg.com/media/EOskHpBU8AA8EAv.jpg,https://t.co/u92FFMtVli
"""1219107852171632640""","""1219107837822980096""",https://pbs.twimg.com/media/EOskHpBVUAALNlT.jpg,https://t.co/u92FFMtVli
"""1219107852171632640""","""1219107838066249728""",https://pbs.twimg.com/media/EOskHp7VUAAGvLD.jpg,https://t.co/u92FFMtVli
"""1219035618698723329""","""1219035600495566849""",https://pbs.twimg.com/media/EOria4AX4AEMniw.jpg,https://t.co/n9hVdIL9hJ
"""1217495276455366657""","""1217495265852248064""",https://pbs.twimg.com/media/EOVpfmTX0AAydFS.jpg,https://t.co/EVAmBUWNJ3
"""1217056952334708740""","""1217056941073031169""",https://pbs.twimg.com/media/EOPa1vQU4AEomSv.jpg,https://t.co/i7VlG8U1qG
"""1217056952334708740""","""1217056941068828673""",https://pbs.twimg.com/media/EOPa1vPUwAEnnGR.jpg,https://t.co/i7VlG8U1qG
"""1217056952334708740""","""1217056941077225474""",https://pbs.twimg.com/media/EOPa1vRU4AIRukl.jpg,https://t.co/i7VlG8U1qG
"""1216247750452371456""","""1216247746555867136""",https://pbs.twimg.com/media/EOD64axU8AAhsqD.jpg,https://t.co/zQWLqu8SHJ
"""1216247750452371456""","""1216247746560024576""",https://pbs.twimg.com/media/EOD64ayUYAAf_qB.jpg,https://t.co/zQWLqu8SHJ
"""1216062098867798016""","""1216062083755737088""",https://pbs.twimg.com/media/EOBSBa8VAAA6_rg.jpg,https://t.co/wc30nZBKIs
"""1216062098867798016""","""1216062083751530496""",https://pbs.twimg.com/media/EOBSBa7U0AA-hEB.jpg,https://t.co/wc30nZBKIs
"""1216062098867798016""","""1216062083743145984""",https://pbs.twimg.com/media/EOBSBa5U4AA-LbR.jpg,https://t.co/wc30nZBKIs
"""1216062098867798016""","""1216062083755696128""",https://pbs.twimg.com/media/EOBSBa8UYAApdYB.jpg,https://t.co/wc30nZBKIs
"""1215697153978458112""","""1215697149889077248""",https://pbs.twimg.com/media/EN8GHeWX4AAmK4q.jpg,https://t.co/zM6JsAbolK
"""1215480559268270081""","""1215480553870245888""",https://pbs.twimg.com/media/EN5BH7TUwAAKmyZ.jpg,https://t.co/JqPNMECCsS
"""1214320406687109127""","""1214320401897213952""",https://pbs.twimg.com/media/ENoh-MaX0AArJLr.jpg,https://t.co/BoJJZ7DvAC
"""1214015515640791040""","""1214015504764944384""",https://pbs.twimg.com/media/ENkMq2FUwAAyEqh.jpg,https://t.co/927TQGftKJ
"""1213169184722411520""","""1213169172294717440""",https://pbs.twimg.com/media/ENYK7z8U0AAgvRh.jpg,https://t.co/lDC3GHKZYX
"""1213169184722411520""","""1213169172307300352""",https://pbs.twimg.com/media/ENYK7z_U0AAAef8.jpg,https://t.co/lDC3GHKZYX
"""1212989913919967233""","""1212989908593209350""",https://pbs.twimg.com/media/ENVn5SnU8AYowDx.jpg,https://t.co/sGCv73TnSL
"""1212989913919967233""","""1212989908593209349""",https://pbs.twimg.com/media/ENVn5SnU8AUgfEK.jpg,https://t.co/sGCv73TnSL
"""1208534637292740610""","""1208534633455005696""",https://pbs.twimg.com/media/EMWT2JXXsAAy5w6.jpg,https://t.co/XI2iK1WCir
"""1207796138343948299""","""1207796131209433088""",https://pbs.twimg.com/media/EML0LqHUUAACm_q.jpg,https://t.co/iUl7DVdqzt
"""1207796138343948299""","""1207796131167498240""",https://pbs.twimg.com/media/EML0Lp9UcAAiqG5.jpg,https://t.co/iUl7DVdqzt
"""1207796138343948299""","""1207796131171725312""",https://pbs.twimg.com/media/EML0Lp-U8AA8ozz.jpg,https://t.co/iUl7DVdqzt
"""1207796138343948299""","""1207796131167522817""",https://pbs.twimg.com/media/EML0Lp9U0AEIOgl.jpg,https://t.co/iUl7DVdqzt
"""1204374720713515008""","""1204374714862493696""",https://pbs.twimg.com/media/ELbMbA_XYAAWv-a.jpg,https://t.co/WWN2mZJy54
"""1204374720713515008""","""1204374714862489601""",https://pbs.twimg.com/media/ELbMbA_XUAE_8Zr.jpg,https://t.co/WWN2mZJy54
"""1204374720713515008""","""1204374714858258432""",https://pbs.twimg.com/media/ELbMbA-WwAAquDb.jpg,https://t.co/WWN2mZJy54
"""1204374720713515008""","""1204374714942214144""",https://pbs.twimg.com/media/ELbMbBSX0AARFz2.jpg,https://t.co/WWN2mZJy54
"""1203832510452576256""","""1203832505641648131""",https://pbs.twimg.com/media/ELTfSSPWwAM3Gui.jpg,https://t.co/zASDA1PKMp
"""1203832510452576256""","""1203832505645834241""",https://pbs.twimg.com/media/ELTfSSQWoAECmI9.jpg,https://t.co/zASDA1PKMp
"""1202235440453029888""","""1202235435751235585""",https://pbs.twimg.com/media/EK8ywlRW4AEVVEl.jpg,https://t.co/sPFvd4phb1
"""1202235440453029888""","""1202235435730264064""",https://pbs.twimg.com/media/EK8ywlMW4AA9LMz.jpg,https://t.co/sPFvd4phb1
"""1202235440453029888""","""1202235435726053379""",https://pbs.twimg.com/media/EK8ywlLWoAMHIdC.jpg,https://t.co/sPFvd4phb1
"""1201337482224254978""","""1201337462330740737""",https://pbs.twimg.com/media/EKwCDpmX0AEAFsj.jpg,https://t.co/EOT4pzA2Da
"""1201337482224254978""","""1201337462326530049""",https://pbs.twimg.com/media/EKwCDplXkAEGZwR.jpg,https://t.co/EOT4pzA2Da
"""1201337482224254978""","""1201337462422937601""",https://pbs.twimg.com/media/EKwCDp8WoAE0LhJ.jpg,https://t.co/EOT4pzA2Da
"""1199824036135616512""","""1199824031886823427""",https://pbs.twimg.com/media/EKahmZ2XUAMRE0a.jpg,https://t.co/pd1YPZL47n
"""1196799069097730049""","""1196799064651767808""",https://pbs.twimg.com/media/EJviaIwWoAApvrQ.jpg,https://t.co/wS3ciJrtgE
"""1196466718329180161""","""1196466698779533312""",https://pbs.twimg.com/media/EJq0H5ZWoAAB_SO.jpg,https://t.co/d5qNd4GfFu
"""1196466718329180161""","""1196466698750169090""",https://pbs.twimg.com/media/EJq0H5SWkAISjFS.jpg,https://t.co/d5qNd4GfFu
"""1196466718329180161""","""1196466698758639620""",https://pbs.twimg.com/media/EJq0H5UX0AQX5mN.jpg,https://t.co/d5qNd4GfFu
"""1196466718329180161""","""1196466698754428931""",https://pbs.twimg.com/media/EJq0H5TXkAMaqDs.jpg,https://t.co/d5qNd4GfFu
"""1196450545806061568""","""1196450537505464320""",https://pbs.twimg.com/media/EJqlbL9WoAAU4Yt.jpg,https://t.co/3topJfJsS9
"""1196450545806061568""","""1196450542266068996""",https://pbs.twimg.com/media/EJqlbdsXsAQdqUS.jpg,https://t.co/3topJfJsS9
"""1195481157787246594""","""1195480939742154754""",https://pbs.twimg.com/media/EJczlK0U0AI5_QA.jpg,https://t.co/8BCShm59cG
"""1194661244743143429""","""1194661240452329477""",https://pbs.twimg.com/media/EJRKEZAWsAUB3yj.jpg,https://t.co/yzbIvzHp0F
"""1194661244743143429""","""1194661240444006401""",https://pbs.twimg.com/media/EJRKEY-XsAEj2l-.jpg,https://t.co/yzbIvzHp0F
"""1194639185371643904""","""1194639164664270848""",https://pbs.twimg.com/media/EJQ1_aSVUAAKpFk.jpg,https://t.co/WCLNAws3ww
"""1194639185371643904""","""1194639164647587840""",https://pbs.twimg.com/media/EJQ1_aOWwAAjWcA.jpg,https://t.co/WCLNAws3ww
"""1190790526116618240""","""1190790516268507136""",https://pbs.twimg.com/media/EIaJqlwWoAAHR0g.jpg,https://t.co/mDidXrPOs7
"""1189360499345055745""","""1189360494693568512""",https://pbs.twimg.com/media/EIF1EYQX0AAsZaw.jpg,https://t.co/FUXE1x1icp
"""1186024250173468675""","""1186024246151131136""",https://pbs.twimg.com/media/EHWaxJ7WsAAxLmK.jpg,https://t.co/W0nkEq9aMz
"""1184163386784960515""","""1184163374357241856""",https://pbs.twimg.com/media/EG7-UKSXYAAUPXU.jpg,https://t.co/ixJwpVsSqF
"""1183410516242436096""","""1183410495803613185""",https://pbs.twimg.com/media/EGxRk3HX4AEsU0S.jpg,https://t.co/nhQiypshAr
"""1183404077591552005""","""1183403983639105537""",https://pbs.twimg.com/media/EGxLpzaXUAENh1w.jpg,https://t.co/5BWyU7YapP
"""1183392886861246464""","""1183392879638732801""",https://pbs.twimg.com/media/EGxBjdyX4AEY2-E.jpg,https://t.co/kkdVzqD2xl
"""1182862428910096384""","""1182862419833561089""",https://pbs.twimg.com/media/EGpfGpBWoAEdUPh.jpg,https://t.co/VEyUXei5UV
"""1182661394346455040""","""1182661388990373889""",https://pbs.twimg.com/media/EGmoRGxXYAEW0SN.jpg,https://t.co/TVrx5GO9xW
"""1177427617085120513""","""1177427606444158978""",https://pbs.twimg.com/media/EFcQK3bXsAITSDl.jpg,https://t.co/oIwTc1Bllu
"""1177427617085120513""","""1177427606435708930""",https://pbs.twimg.com/media/EFcQK3ZWwAIRUFs.jpg,https://t.co/oIwTc1Bllu
"""1177309550015332353""","""1177309531187159040""",https://pbs.twimg.com/media/EFakx-0XoAAxwrn.jpg,https://t.co/c7oXQM0vjq
"""1177305323012599809""","""1177305312375771136""",https://pbs.twimg.com/media/EFag8ahWkAA1g78.jpg,https://t.co/SwHUhH3Lfe
"""1175137592720969729""","""1175137527738638337""",https://pbs.twimg.com/media/EE7tWvcXoAEppc_.jpg,https://t.co/9L1m8ETTkD
"""1172223505565286400""","""1172223497541693440""",https://pbs.twimg.com/media/EESTD3BWsAA5k8I.jpg,https://t.co/e3iI6LdzIv
"""1170549937295126528""","""1170549925433659392""",https://pbs.twimg.com/media/ED6g9JFVUAAe09Z.jpg,https://t.co/qzRHWiPcP7
"""1170539782390390784""","""1170539780557484032""",https://pbs.twimg.com/media/ED6XuoeXsAAXWx_.jpg,https://t.co/orQpzSj2Ul
"""1170414631904522241""","""1170414625722175492""",https://pbs.twimg.com/media/ED4l5qYXkAQmY_7.jpg,https://t.co/YvReCr3bbT
"""1170414621351714819""","""1170414615936851968""",https://pbs.twimg.com/media/ED4l5F7XYAA5mqH.jpg,https://t.co/5S6Yuik4CD
"""1170414319890325505""","""1170414314257309697""",https://pbs.twimg.com/media/ED4lniFW4AEtAYx.jpg,https://t.co/yL8NeLQ6qk
"""1170410648011980801""","""1170410637551460353""",https://pbs.twimg.com/media/ED4iRhSX4AER-sB.jpg,https://t.co/BuFDV12rUq
"""1170409742788956161""","""1170409738393260033""",https://pbs.twimg.com/media/ED4hdLqWkAEXloH.jpg,https://t.co/XG5JANS5rw
"""1169639036526444544""","""1169638978133344256""",https://pbs.twimg.com/media/EDtkdB8WwAAsg3z.jpg,https://t.co/gooTKie7UP
"""1168697480126636032""","""1168697443103498240""",https://pbs.twimg.com/media/EDgMIeoXYAAG7rh.jpg,https://t.co/XKyn0jRqSn
"""1166367335126642688""","""1166367328734502912""",https://pbs.twimg.com/media/EC_E5-LXYAATQmr.jpg,https://t.co/FdTVTKr2cK
"""1166068634994843653""","""1166068628950831104""",https://pbs.twimg.com/media/EC61PWxXUAAlSJD.jpg,https://t.co/SH6seppyaI
"""1166068634994843653""","""1166068628950851588""",https://pbs.twimg.com/media/EC61PWxXoAQkUYn.jpg,https://t.co/SH6seppyaI
"""1166068634994843653""","""1166068628955062272""",https://pbs.twimg.com/media/EC61PWyX4AAjRGT.jpg,https://t.co/SH6seppyaI
"""1165767091716263942""","""1165767087798857729""",https://pbs.twimg.com/media/EC2i_WcXsAEeKP_.jpg,https://t.co/WIl3N7UEH5
"""1165764561464512512""","""1165764556980805632""",https://pbs.twimg.com/media/EC2gsCaU4AAbVkC.jpg,https://t.co/BthDbu74Bf
"""1162400033917956096""","""1162400007724494848""",https://pbs.twimg.com/media/ECGspftUcAAoBMK.jpg,https://t.co/CIFIcpQ5Uo
"""1162400033917956096""","""1162400007711940611""",https://pbs.twimg.com/media/ECGspfqU4AMQRFA.jpg,https://t.co/CIFIcpQ5Uo
"""1162400033917956096""","""1162400007711940609""",https://pbs.twimg.com/media/ECGspfqU4AETLEL.jpg,https://t.co/CIFIcpQ5Uo
"""1162400033917956096""","""1162400007724490752""",https://pbs.twimg.com/media/ECGspftUYAALERl.jpg,https://t.co/CIFIcpQ5Uo
"""1160958780068077568""","""1160958753950167045""",https://pbs.twimg.com/media/EByN1fAUcAU3l5c.jpg,https://t.co/jJtTJpVHKD
"""1159609756073570309""","""1159609746065956864""",https://pbs.twimg.com/media/EBfC65BXoAANEKh.jpg,https://t.co/Rv3RRtdUmY
"""1159587790805438465""","""1159587755933995008""",https://pbs.twimg.com/media/EBeu65ZWkAAnG50.jpg,https://t.co/WbalPa0HPA
"""1159587790805438465""","""1159587766419808257""",https://pbs.twimg.com/media/EBeu7gdXYAEPpXI.jpg,https://t.co/WbalPa0HPA
"""1159587790805438465""","""1159587781011746816""",https://pbs.twimg.com/media/EBeu8W0WsAADlDR.jpg,https://t.co/WbalPa0HPA
"""1159568300080279554""","""1159567615280537600""",https://pbs.twimg.com/media/EBecmjnX4AA6Ymk.jpg,https://t.co/ozhXq96Xq1
"""1158855050837389312""","""1158855049361027072""",https://pbs.twimg.com/media/EBUUhwtU8AAEcxg.jpg,https://t.co/mbgLZ3JNRF
"""1158654714143072257""","""1158654705163104256""",https://pbs.twimg.com/media/EBReUMaU8AAvW0h.jpg,https://t.co/NYS3xl2Isv
"""1158125663418667008""","""1158125661719896064""",https://pbs.twimg.com/media/EBJ9J0AUIAArAbw.jpg,https://t.co/SpfoOJAujR
"""1158121908245880832""","""1158121846509846529""",https://pbs.twimg.com/media/EBJ5rvPWwAELznc.jpg,https://t.co/3HxSvvcZgH
"""1158121908245880832""","""1158121846585397248""",https://pbs.twimg.com/media/EBJ5rvhXkAALDud.jpg,https://t.co/3HxSvvcZgH
"""1158121908245880832""","""1158121846656688128""",https://pbs.twimg.com/media/EBJ5rvyXYAAJOcU.jpg,https://t.co/3HxSvvcZgH
"""1158121908245880832""","""1158121846757367814""",https://pbs.twimg.com/media/EBJ5rwKXoAYgoog.jpg,https://t.co/3HxSvvcZgH
"""1158118946983370752""","""1158118905224802310""",https://pbs.twimg.com/media/EBJ3AiGWsAYaRLE.jpg,https://t.co/xIzC7yUVrl
"""1158118946983370752""","""1158118916444631041""",https://pbs.twimg.com/media/EBJ3BL5XsAEk2wt.jpg,https://t.co/xIzC7yUVrl
"""1158118946983370752""","""1158118929069465600""",https://pbs.twimg.com/media/EBJ3B67XYAAOfeH.jpg,https://t.co/xIzC7yUVrl
"""1158118946983370752""","""1158118938896752641""",https://pbs.twimg.com/media/EBJ3CfiX4AEISAE.jpg,https://t.co/xIzC7yUVrl
"""1157504259220561920""","""1157504252983554048""",https://pbs.twimg.com/media/EBBH_EEWsAAcUUN.jpg,https://t.co/HbTHV9Bh1B
"""1156552111255150600""","""1156552107698348032""",https://pbs.twimg.com/media/EAzmA6eW4AAhroa.jpg,https://t.co/pjpqnDrX3i
"""1156241810605453312""","""1156241792645439489""",https://pbs.twimg.com/media/EAvLyM0XoAEEwQM.jpg,https://t.co/uYrUCEr49W
"""1154826053489221632""","""1154826049118769152""",https://pbs.twimg.com/media/EAbELFMXkAA5VW2.jpg,https://t.co/fO9sFjJv1P
"""1154443186875621376""","""1154443142847979523""",https://pbs.twimg.com/media/EAVn7ALW4AMvgLT.jpg,https://t.co/bc2WhBUuTo
"""1154443186875621376""","""1154443142856359938""",https://pbs.twimg.com/media/EAVn7ANWwAITMuO.jpg,https://t.co/bc2WhBUuTo
"""1154443140604071936""","""1154443135113728000""",https://pbs.twimg.com/media/EAVn6jXXkAAyRKx.jpg,https://t.co/7IaQcPXSL2
"""1154141818625417221""","""1154141794659110912""",https://pbs.twimg.com/media/EARV2OsWkAAXzYQ.jpg,https://t.co/FJLcs99oWv
"""1154141818625417221""","""1154141794617237508""",https://pbs.twimg.com/media/EARV2OiXoAQuj1y.jpg,https://t.co/FJLcs99oWv
"""1154141818625417221""","""1154141794659123202""",https://pbs.twimg.com/media/EARV2OsWwAIEE7_.jpg,https://t.co/FJLcs99oWv
"""1154141818625417221""","""1154141794654928898""",https://pbs.twimg.com/media/EARV2OrWwAIp2QF.jpg,https://t.co/FJLcs99oWv
"""1153878614963838977""","""1153878608848596992""",https://pbs.twimg.com/media/EANmezJXsAAOiVn.jpg,https://t.co/ARvwSetH3c
"""1153878614963838977""","""1153878608856932352""",https://pbs.twimg.com/media/EANmezLW4AA2EL3.jpg,https://t.co/ARvwSetH3c
"""1153878614963838977""","""1153878610501132288""",https://pbs.twimg.com/media/EANme5TXYAAFIGP.jpg,https://t.co/ARvwSetH3c
"""1153679015305256960""","""1153679011865927682""",https://pbs.twimg.com/media/EAKw8ucXoAI7DLM.jpg,https://t.co/DPEjelCcl8
"""1153534448052441089""","""1153534388082266113""",https://pbs.twimg.com/media/EAItag3XUAENf9z.jpg,https://t.co/T7srb6exwD
"""1153519031351160832""","""1153519020265656321""",https://pbs.twimg.com/media/EAIfb_SXUAEgpSa.jpg,https://t.co/CFJopeBQr8
"""1153519031351160832""","""1153519020244643840""",https://pbs.twimg.com/media/EAIfb_NWsAA4sFq.jpg,https://t.co/CFJopeBQr8
"""1152634522271473664""","""1152634497051037696""",https://pbs.twimg.com/media/D_7699iWkAAXN3a.jpg,https://t.co/WGD4VIpM0J
"""1152096785403457536""","""1152096781037199360""",https://pbs.twimg.com/media/D_0R6xSX4AAh8h6.jpg,https://t.co/btcoYlPRc2
"""1152096785403457536""","""1152096781045575681""",https://pbs.twimg.com/media/D_0R6xUXsAEChxu.jpg,https://t.co/btcoYlPRc2
"""1152096785403457536""","""1152096781041315841""",https://pbs.twimg.com/media/D_0R6xTWsAE_kXP.jpg,https://t.co/btcoYlPRc2
"""1152077505144094720""","""1152077495740452867""",https://pbs.twimg.com/media/D_0AYN9U0AMFYOb.jpg,https://t.co/3FbsCcg1Fq
"""1150992979437465600""","""1150992974450499584""",https://pbs.twimg.com/media/D_kmAxUXoAAuwpR.jpg,https://t.co/2F6TgHQBYg
"""1150980979072389120""","""1150980967181496320""",https://pbs.twimg.com/media/D_kbF2wWsAAx_n9.jpg,https://t.co/wpEpdWKiSi
"""1150975109391429632""","""1150975105507516419""",https://pbs.twimg.com/media/D_kVwqUX4AMZO82.jpg,https://t.co/bzfDVTJ26R
"""1150973430298284032""","""1150953537251229696""",https://pbs.twimg.com/media/D_kCJOTWwAA3mMt.jpg,https://t.co/3KKNhi1MLk
"""1150509438047883264""","""1150509434554277891""",https://pbs.twimg.com/media/D_duPC1X4AM01x-.jpg,https://t.co/nFb2GDY7H0
"""1150504925375410176""","""1150504920170278913""",https://pbs.twimg.com/media/D_dqIRcWsAEpoh-.jpg,https://t.co/WGpiWkmfK9
"""1150504524211245061""","""1150504511833817089""",https://pbs.twimg.com/media/D_dpwgRWwAEgnsg.jpg,https://t.co/g2Kl9JfL1u
"""1150180745341652993""","""1150180740614651904""",https://pbs.twimg.com/media/D_ZDSifVAAAdSu7.jpg,https://t.co/LIE8T9dri0
"""1149772038908735489""","""1149772033934237696""",https://pbs.twimg.com/media/D_TPkrdUIAABB7B.jpg,https://t.co/4pjMi5uMtT
"""1149423205276368898""","""1149423197642788865""",https://pbs.twimg.com/media/D_OSTvAXkAE5jEx.jpg,https://t.co/Ivhb7BUkPC
"""1148107676464951296""","""1148107641677332480""",https://pbs.twimg.com/media/D-7l0TIWwAAfPcV.jpg,https://t.co/Q6pwW4r9L6
"""1148107676464951296""","""1148107641727725568""",https://pbs.twimg.com/media/D-7l0TUXsAAwwHV.jpg,https://t.co/Q6pwW4r9L6
"""1148107676464951296""","""1148107641694097409""",https://pbs.twimg.com/media/D-7l0TMWkAE2HSz.jpg,https://t.co/Q6pwW4r9L6
"""1148107676464951296""","""1148107641715142657""",https://pbs.twimg.com/media/D-7l0TRXsAEAsi5.jpg,https://t.co/Q6pwW4r9L6
"""1147607983041503244""","""1147607977064615936""",https://pbs.twimg.com/media/D-0fX_ZXUAAKz2J.jpg,https://t.co/Zx6xV7p3Sf
"""1147351871591464961""","""1147351865258127360""",https://pbs.twimg.com/media/D-w2cUkXsAAHamA.jpg,https://t.co/yUkMY7SbAp
"""1147349431223799809""","""1147349424340897799""",https://pbs.twimg.com/media/D-w0OPcWkAcTogQ.jpg,https://t.co/rAA1vwlNHY
"""1147349431223799809""","""1147349424336752641""",https://pbs.twimg.com/media/D-w0OPbXUAEcRxE.jpg,https://t.co/rAA1vwlNHY
"""1147349431223799809""","""1147349424345157632""",https://pbs.twimg.com/media/D-w0OPdXkAAA7mE.jpg,https://t.co/rAA1vwlNHY
"""1147343304570355712""","""1147343298748719105""",https://pbs.twimg.com/media/D-wupr1XoAEwPSh.jpg,https://t.co/9Qf7sg2QFx
"""1146652686546341888""","""1146652676312223749""",https://pbs.twimg.com/media/D-m6iKxXUAUZDOK.jpg,https://t.co/1vxTesXVh2
"""1145401969173041154""","""1145401960394309632""",https://pbs.twimg.com/media/D-VJA65WwAAtDLk.jpg,https://t.co/oehbyhaGmd
"""1145395525304377344""","""1145395516978675718""",https://pbs.twimg.com/media/D-VDJ3TWwAY-TOi.jpg,https://t.co/AitEwTvA2q
"""1142504230353297408""","""1142504227811577856""",https://pbs.twimg.com/media/D9r9ir0XUAA8x7W.jpg,https://t.co/F57mAjZumL
"""1142098245516238848""","""1142098239094755328""",https://pbs.twimg.com/media/D9mMTB_XkAAgxt4.jpg,https://t.co/VvEwMId2ew
"""1141611059419086848""","""1141611034299383808""",https://pbs.twimg.com/media/D9fRL-sUwAAD2CM.jpg,https://t.co/9CBcn0wX1N
"""1141611059419086848""","""1141611040225943552""",https://pbs.twimg.com/media/D9fRMUxU4AADtrJ.jpg,https://t.co/9CBcn0wX1N
"""1141611059419086848""","""1141611046848696321""",https://pbs.twimg.com/media/D9fRMtcUEAEALMU.jpg,https://t.co/9CBcn0wX1N
"""1141611059419086848""","""1141611054083870720""",https://pbs.twimg.com/media/D9fRNIZUEAAOlEz.jpg,https://t.co/9CBcn0wX1N
"""1141598065544945664""","""1141598052823658496""",https://pbs.twimg.com/media/D9fFYW7U8AAvQWr.jpg,https://t.co/kE0PEzHqMe
"""1141598065544945664""","""1141598052832010240""",https://pbs.twimg.com/media/D9fFYW9UYAAH-xy.jpg,https://t.co/kE0PEzHqMe
"""1141598065544945664""","""1141598052832051200""",https://pbs.twimg.com/media/D9fFYW9VAAAPXJs.jpg,https://t.co/kE0PEzHqMe
"""1141598065544945664""","""1141598052827795457""",https://pbs.twimg.com/media/D9fFYW8UEAE2W9q.jpg,https://t.co/kE0PEzHqMe
"""1141596488134356993""","""1141596477174587392""",https://pbs.twimg.com/media/D9fD8pLUIAAdOT-.jpg,https://t.co/HVYDgc0AyE
"""1141589491733286913""","""1141589408098897920""",https://pbs.twimg.com/media/D9e9hK0VUAAQXby.jpg,https://t.co/hmEgaoW8yf
"""1141589491733286913""","""1141589425790472193""",https://pbs.twimg.com/media/D9e9iMuVUAEMFKC.jpg,https://t.co/hmEgaoW8yf
"""1141589491733286913""","""1141589444077604864""",https://pbs.twimg.com/media/D9e9jQ2U0AAkdlp.jpg,https://t.co/hmEgaoW8yf
"""1141589491733286913""","""1141589458283720704""",https://pbs.twimg.com/media/D9e9kFxU8AAc2Zh.jpg,https://t.co/hmEgaoW8yf
"""1141469246074966017""","""1141469236868419584""",https://pbs.twimg.com/media/D9dQOSGUEAA_FeK.jpg,https://t.co/Yqonfqbdl1
"""1141400202365902849""","""1141400170543714304""",https://pbs.twimg.com/media/D9cRaF_UEAAC9Mw.jpg,https://t.co/wqOpKiB3R2
"""1141400202365902849""","""1141400170422124546""",https://pbs.twimg.com/media/D9cRaFiUwAIm_JD.jpg,https://t.co/wqOpKiB3R2
"""1141400202365902849""","""1141400170413748224""",https://pbs.twimg.com/media/D9cRaFgU8AAcMM9.jpg,https://t.co/wqOpKiB3R2
"""1141400202365902849""","""1141400170539569153""",https://pbs.twimg.com/media/D9cRaF-U0AEPs53.jpg,https://t.co/wqOpKiB3R2
"""1140397435107155968""","""1140397428480172033""",https://pbs.twimg.com/media/D9OBa0tUYAEHwuv.jpg,https://t.co/DPmK2I3V5c
"""1140295813576314881""","""1140295387485315072""",https://pbs.twimg.com/media/D9MknQYUIAAZhJa.jpg,https://t.co/KLWkQqoqnS
"""1138145340631199744""","""1138145337703587840""",https://pbs.twimg.com/media/D8uBJ4yW4AA0jmG.jpg,https://t.co/oSXVVaO1pj
"""1137878317892329472""","""1137878315329622016""",https://pbs.twimg.com/media/D8qOTI7XkAA6sXN.jpg,https://t.co/3M3YtHmofi
"""1137867174654226433""","""1137867145554137089""",https://pbs.twimg.com/media/D8qEI-RXkAE6P-q.jpg,https://t.co/x2SyrjzHDQ
"""1137867174654226433""","""1137867145541509120""",https://pbs.twimg.com/media/D8qEI-OW4AAUEWp.jpg,https://t.co/x2SyrjzHDQ
"""1137867174654226433""","""1137867145541488643""",https://pbs.twimg.com/media/D8qEI-OWkAM_Qhe.jpg,https://t.co/x2SyrjzHDQ
"""1137285356330467329""","""1137285352639516673""",https://pbs.twimg.com/media/D8hzAKxVUAEITMt.jpg,https://t.co/yd735lrLVr
"""1137148418290114560""","""1137148413416361984""",https://pbs.twimg.com/media/D8f2dQaU0AAuwYt.jpg,https://t.co/eZo6zOCLp7
"""1136036077750218753""","""1136036074445127680""",https://pbs.twimg.com/media/D8QCym1UwAAbVIQ.jpg,https://t.co/P6uMObnx1I
"""1134915602630500353""","""1134915594724237313""",https://pbs.twimg.com/media/D8AHuGmW4AEFh8H.jpg,https://t.co/OrnNVAfHZ6
"""1134909138662805504""","""1134909131561811968""",https://pbs.twimg.com/media/D8AB15cWwAARE6m.jpg,https://t.co/L7dFndUrJF
"""1134904950524301313""","""1134898931438149633""",https://pbs.twimg.com/media/D7_4kLBXYAEyq6i.jpg,https://t.co/aR6TyAZHNc
"""1134882373621993473""","""1134882360061759488""",https://pbs.twimg.com/media/D7_pfl1WkAAryWa.jpg,https://t.co/WPNhKwtZfx
"""1134882373621993473""","""1134882360040837123""",https://pbs.twimg.com/media/D7_pflwXUAMk1vy.jpg,https://t.co/WPNhKwtZfx
"""1134882373621993473""","""1134882360057577472""",https://pbs.twimg.com/media/D7_pfl0WwAA96JK.jpg,https://t.co/WPNhKwtZfx
"""1134881115393744896""","""1134881055628902400""",https://pbs.twimg.com/media/D7_oTqcUwAAjR9c.jpg,https://t.co/WmOCQopneJ
"""1134211883777572864""","""1134211844346957830""",https://pbs.twimg.com/media/D72HqcJXUAYZ6Ex.jpg,https://t.co/Jo7Nda9kiJ
"""1134211883777572864""","""1134211844342714371""",https://pbs.twimg.com/media/D72HqcIWkAM8OUP.jpg,https://t.co/Jo7Nda9kiJ
"""1134211883777572864""","""1134211844401446912""",https://pbs.twimg.com/media/D72HqcWWwAAtHQq.jpg,https://t.co/Jo7Nda9kiJ
"""1130515174367141888""","""1130515170831343621""",https://pbs.twimg.com/media/D7BljuKXoAUkuzh.jpg,https://t.co/SU5zlDTR1l
"""1129504317424177153""","""1129504286218498048""",https://pbs.twimg.com/media/D6zOKfhVsAAZxGV.jpg,https://t.co/Ow3Oc87x85
"""1129504317424177153""","""1129504286071820288""",https://pbs.twimg.com/media/D6zOKe-XkAAZ2-8.jpg,https://t.co/Ow3Oc87x85
"""1129501716402122753""","""1129501711729659904""",https://pbs.twimg.com/media/D6zL0ozXkAAk8PZ.jpg,https://t.co/yVSmPQC9md
"""1129501716402122753""","""1129501711775748097""",https://pbs.twimg.com/media/D6zL0o-W0AENWAn.jpg,https://t.co/yVSmPQC9md
"""1129501716402122753""","""1129501711834345473""",https://pbs.twimg.com/media/D6zL0pMU8AEM-P5.jpg,https://t.co/yVSmPQC9md
"""1129501716402122753""","""1129501711712833536""",https://pbs.twimg.com/media/D6zL0ovW0AAJydj.jpg,https://t.co/yVSmPQC9md
"""1129501529453600773""","""1129501522964951041""",https://pbs.twimg.com/media/D6zLppmWsAEvtlq.jpg,https://t.co/xZG9R4cRyL
"""1129501529453600773""","""1129501522960748545""",https://pbs.twimg.com/media/D6zLpplWkAEYr3n.jpg,https://t.co/xZG9R4cRyL
"""1129501529453600773""","""1129501522927263746""",https://pbs.twimg.com/media/D6zLppdXoAIXCrU.jpg,https://t.co/xZG9R4cRyL
"""1129501529453600773""","""1129501523082244098""",https://pbs.twimg.com/media/D6zLpqCUcAI3157.jpg,https://t.co/xZG9R4cRyL
"""1129501180806270981""","""1129501175844343814""",https://pbs.twimg.com/media/D6zLVceWkAYZ5ea.jpg,https://t.co/RyFZJ4K45v
"""1129501180806270981""","""1129501175802400776""",https://pbs.twimg.com/media/D6zLVcUWkAgqJ8a.jpg,https://t.co/RyFZJ4K45v
"""1129501180806270981""","""1129501175936499713""",https://pbs.twimg.com/media/D6zLVc0UwAElKN3.jpg,https://t.co/RyFZJ4K45v
"""1129501180806270981""","""1129501175923916801""",https://pbs.twimg.com/media/D6zLVcxUwAEZblf.jpg,https://t.co/RyFZJ4K45v
"""1129442408960126976""","""1129442402622558211""",https://pbs.twimg.com/media/D6yV4ZKU0AMXr24.jpg,https://t.co/6gLqVxgevy
"""1129442408960126976""","""1129442402630979584""",https://pbs.twimg.com/media/D6yV4ZMVUAAApC-.jpg,https://t.co/6gLqVxgevy
"""1129442408960126976""","""1129442402626809856""",https://pbs.twimg.com/media/D6yV4ZLVsAAw6gh.jpg,https://t.co/6gLqVxgevy
"""1129442408960126976""","""1129442402630955008""",https://pbs.twimg.com/media/D6yV4ZMU8AA4ukB.jpg,https://t.co/6gLqVxgevy
"""1125554953882226688""","""1125554948547022849""",https://pbs.twimg.com/media/D57GQyNUEAEMFxi.jpg,https://t.co/A3NdhZWBmV
"""1125260618800467969""","""1125260576316325890""",https://pbs.twimg.com/media/D526iEMWAAILyp4.jpg,https://t.co/1gD6jyxAzs
"""1124891589032185856""","""1124891585127374849""",https://pbs.twimg.com/media/D5xq785X4AEEK7J.jpg,https://t.co/FMg5lGztUo
"""1124316244205887488""","""1124316223657918465""",https://pbs.twimg.com/media/D5pfpgZWwAEuq_e.jpg,https://t.co/WjCZTDGq4D
"""1122669112323219456""","""1122669098419122176""",https://pbs.twimg.com/media/D5SFmMuUcAA_H4d.jpg,https://t.co/HFk2Sb6BGp
"""1122669112323219456""","""1122669098486259712""",https://pbs.twimg.com/media/D5SFmM-U4AAqNtz.jpg,https://t.co/HFk2Sb6BGp
"""1122669112323219456""","""1122669098423308289""",https://pbs.twimg.com/media/D5SFmMvUUAEHLis.jpg,https://t.co/HFk2Sb6BGp
"""1122614756916060160""","""1122614753329860613""",https://pbs.twimg.com/media/D5RUK5fW0AUbmqJ.jpg,https://t.co/zKWgz08bG4
"""1117963431091605504""","""1117963417497694208""",https://pbs.twimg.com/media/D4PNzhPU8AAW-ka.jpg,https://t.co/dtB4zuSPjW
"""1116368904971014144""","""1116368326354264065""",https://pbs.twimg.com/media/D34jE_rX4AEycOT.jpg,https://t.co/m60KjVWJGs
"""1115840359710507010""","""1115840353976950784""",https://pbs.twimg.com/media/D3xC49TXoAA7lb7.jpg,https://t.co/EBIFen9TvD
"""1115631233042501632""","""1115631228235833347""",https://pbs.twimg.com/media/D3uEsPNUYAMFYAP.jpg,https://t.co/dWUQVMOEmB
"""1115426864489611264""","""1115426859066351616""",https://pbs.twimg.com/media/D3rK0YuUYAAaoa0.jpg,https://t.co/3NqDlDn2IQ
"""1115426864489611264""","""1115426859078971392""",https://pbs.twimg.com/media/D3rK0YxU8AAreAv.jpg,https://t.co/3NqDlDn2IQ
"""1115065619672596480""","""1115065612840075264""",https://pbs.twimg.com/media/D3mCRFqWAAAw5Jy.jpg,https://t.co/PNaQgMexCN
"""1115065619672596480""","""1115065612844318721""",https://pbs.twimg.com/media/D3mCRFrWwAEay9j.jpg,https://t.co/PNaQgMexCN
"""1115065619672596480""","""1115065612840132608""",https://pbs.twimg.com/media/D3mCRFqW4AAg7La.jpg,https://t.co/PNaQgMexCN
"""1115065619672596480""","""1115065612865343489""",https://pbs.twimg.com/media/D3mCRFwXkAEOOA3.jpg,https://t.co/PNaQgMexCN
"""1115065021594124289""","""1115064995878858753""",https://pbs.twimg.com/media/D3mBtLTU8AEqzJm.jpg,https://t.co/lSgtfu4on9
"""1115065021594124289""","""1115064995887243266""",https://pbs.twimg.com/media/D3mBtLVU4AI6fI8.jpg,https://t.co/lSgtfu4on9
"""1115065021594124289""","""1115064995904020480""",https://pbs.twimg.com/media/D3mBtLZU4AAI9Tc.jpg,https://t.co/lSgtfu4on9
"""1115065021594124289""","""1115064996818374657""",https://pbs.twimg.com/media/D3mBtOzU0AEIUqO.jpg,https://t.co/lSgtfu4on9
"""1115064123723866113""","""1115064118451613696""",https://pbs.twimg.com/media/D3mA6GoXsAAG6pP.jpg,https://t.co/xPBqSIffvQ
"""1115064024784416769""","""1115064017758900230""",https://pbs.twimg.com/media/D3mA0PhW0AY4s4C.jpg,https://t.co/ufQaFsTyuH
"""1115063944937218048""","""1115063933600055296""",https://pbs.twimg.com/media/D3mAvWAUwAAaIpt.jpg,https://t.co/F5DHMDFRNp
"""1115063678519345152""","""1115063673037496321""",https://pbs.twimg.com/media/D3mAgLVXoAEVxcx.jpg,https://t.co/fDDULZM8z3
"""1115063586076884993""","""1115063581488353281""",https://pbs.twimg.com/media/D3mAa2SWkAEOrca.jpg,https://t.co/6zP2DAhuaW
"""1115063361195081728""","""1115063355788623872""",https://pbs.twimg.com/media/D3mANtfWAAAkkAq.jpg,https://t.co/hodoKTqG13
"""1115062770108493824""","""1115062767411548160""",https://pbs.twimg.com/media/D3l_rdnUUAA9TTu.jpg,https://t.co/pHBki2SuYc
"""1115062770108493824""","""1115062767419977729""",https://pbs.twimg.com/media/D3l_rdpU8AE9MTQ.jpg,https://t.co/pHBki2SuYc
"""1115062765075320832""","""1115062752664477696""",https://pbs.twimg.com/media/D3l_qmrV4AAlZFt.jpg,https://t.co/n5DtVXlQTM
"""1115062409729855488""","""1115062401731313665""",https://pbs.twimg.com/media/D3l_WLWWwAEUYO2.jpg,https://t.co/OhFXMoLrCM
"""1115062344965484545""","""1115062242926415872""",https://pbs.twimg.com/media/D3l_M7wUUAAPmIj.jpg,https://t.co/gqK7VaNKDK
"""1115060725771321344""","""1115060690014883840""",https://pbs.twimg.com/media/D3l9yitW0AAM9j8.jpg,https://t.co/khUsvDl2dL
"""1115000058188111872""","""1115000055965147136""",https://pbs.twimg.com/media/D3lGpLRX4AAztX2.jpg,https://t.co/K8mIzU0A3X
"""1113930964009250816""","""1113930959601037312""",https://pbs.twimg.com/media/D3V6Tk9UcAAVye1.jpg,https://t.co/ciMXVTS82I
"""1113525128887984129""","""1113525120797216769""",https://pbs.twimg.com/media/D3QJMpmXkAEMrtf.jpg,https://t.co/XEMBTNj8CK
"""1113525112534384645""","""1113525105919967232""",https://pbs.twimg.com/media/D3QJLyLWwAAfN6Q.jpg,https://t.co/JrMMmzA4Oc
"""1113524866014171136""","""1113524862277115904""",https://pbs.twimg.com/media/D3QI9miX4AAm7-N.jpg,https://t.co/XJPGKjUiOZ
"""1113524766290345987""","""1113524745864122371""",https://pbs.twimg.com/media/D3QI203WkAMw5Hj.jpg,https://t.co/ZTszaE7ki1
"""1113524685801762817""","""1113524656395431939""",https://pbs.twimg.com/media/D3QIxnkWsAMvUFr.jpg,https://t.co/FuWppWF19i
"""1113524685801762817""","""1113524656387104768""",https://pbs.twimg.com/media/D3QIxniXoAAHfxt.jpg,https://t.co/FuWppWF19i
"""1113524685801762817""","""1113524656328384512""",https://pbs.twimg.com/media/D3QIxnUXoAACFHs.jpg,https://t.co/FuWppWF19i
"""1113522567149543425""","""1113522547562176513""",https://pbs.twimg.com/media/D3QG23jU4AEPwuz.jpg,https://t.co/9FsPDfL3P3
"""1113521803996086273""","""1113521799327879171""",https://pbs.twimg.com/media/D3QGLUKXkAMIAkN.jpg,https://t.co/OJPrQj6NGj
"""1113520688101560320""","""1113520681302544386""",https://pbs.twimg.com/media/D3QFKPMW0AIUB7a.jpg,https://t.co/3GK2YnWg0M
"""1113520107978985474""","""1113520096943775746""",https://pbs.twimg.com/media/D3QEoOSXoAISXuw.jpg,https://t.co/usb4h2U7Id
"""1113519693174902785""","""1113519688263376897""",https://pbs.twimg.com/media/D3QEQb1XoAEAsIw.jpg,https://t.co/5KEBNVYaf5
"""1113519232447176704""","""1113519225006465024""",https://pbs.twimg.com/media/D3QD1eEUIAAfm2d.jpg,https://t.co/ArcCrP5AlD
"""1113518843232686088""","""1113518836542791683""",https://pbs.twimg.com/media/D3QDe27W4AML8C9.jpg,https://t.co/LcEEJppP8x
"""1113518603637125121""","""1113518594464157696""",https://pbs.twimg.com/media/D3QDQxHUEAAmkc6.jpg,https://t.co/HIy2yDi1Hp
"""1113518398623965184""","""1113518394689695744""",https://pbs.twimg.com/media/D3QDFI5XsAAtBoD.jpg,https://t.co/RJqodAtehb
"""1113518263814840326""","""1113518252016189441""",https://pbs.twimg.com/media/D3QC81ZWwAEvYE7.jpg,https://t.co/vY4jvjAkJV
"""1113241772954738688""","""1113241761193897991""",https://pbs.twimg.com/media/D3MHe80XsAc_SvO.jpg,https://t.co/kroF9SSrZR
"""1111036066339975168""","""1111036061935960065""",https://pbs.twimg.com/media/D2sxaWxXgAEwSoJ.jpg,https://t.co/zsBzKN18BZ
"""1110912494653063168""","""1110912486675353601""",https://pbs.twimg.com/media/D2rBBVDUkAEsIwH.jpg,https://t.co/JgRJYYY6rq
"""1110890545034002433""","""1110890540739055617""",https://pbs.twimg.com/media/D2qtD6EX0AEpHWc.jpg,https://t.co/AD1w0dK3B3
"""1109923184982323203""","""1109922097554485254""",https://pbs.twimg.com/media/D2c8RGEXcAYTjd7.jpg,https://t.co/3l0mgIXalC
"""1109113791046918144""","""1109113774672351232""",https://pbs.twimg.com/media/D2RdGgrWkAABzHm.jpg,https://t.co/91vTS9fmrc
"""1108759456609959942""","""1108759429246267392""",https://pbs.twimg.com/media/D2Ma05GWsAAuK4-.jpg,https://t.co/MLgCNCvJY6
"""1108426544572235776""","""1108426445511106560""",https://pbs.twimg.com/media/D2Hr-sBWoAAWejA.jpg,https://t.co/e3H6zIVNtp
"""1108426544572235776""","""1108426454231068673""",https://pbs.twimg.com/media/D2Hr_MgWsAExrgy.jpg,https://t.co/e3H6zIVNtp
"""1108426544572235776""","""1108426464205119489""",https://pbs.twimg.com/media/D2Hr_xqWoAEQiQ0.jpg,https://t.co/e3H6zIVNtp
"""1108057938374070273""","""1108057934968356866""",https://pbs.twimg.com/media/D2Cc0jRXgAIocGE.jpg,https://t.co/2pG5x61Lvu
"""1108056813398839296""","""1108056782952378369""",https://pbs.twimg.com/media/D2CbxfrWsAEIXZE.png,https://t.co/4DqXsEuMLa
"""1107796909916188673""","""1107796845911105536""",https://pbs.twimg.com/media/D1-vXKvUYAA4uE1.jpg,https://t.co/vEE9DimloN
"""1105695098170425345""","""1105695093216940032""",https://pbs.twimg.com/media/D1g31D0WkAAVREZ.jpg,https://t.co/t6nTKk7CTN
"""1105695098170425345""","""1105695093221138434""",https://pbs.twimg.com/media/D1g31D1WoAIF46G.jpg,https://t.co/t6nTKk7CTN
"""1105695098170425345""","""1105695093221138433""",https://pbs.twimg.com/media/D1g31D1WoAELNeG.jpg,https://t.co/t6nTKk7CTN
"""1105695098170425345""","""1105695093221142528""",https://pbs.twimg.com/media/D1g31D1WsAAGV0j.jpg,https://t.co/t6nTKk7CTN
"""1104895004865114112""","""1104894896824037378""",https://pbs.twimg.com/media/D1VgDf9WsAIpaIQ.jpg,https://t.co/1B4xntkxtd
"""1104575584250839040""","""1104575577640652800""",https://pbs.twimg.com/media/D1Q9orTX0AARWIR.jpg,https://t.co/jJak0dgho9
"""1103869179461955584""","""1103869063854350337""",https://pbs.twimg.com/media/D1G7EKWU4AEElK0.jpg,https://t.co/cRIzKayfzY
"""1103414049587507200""","""1103414034039259137""",https://pbs.twimg.com/media/D1AdN8MXQAEH1lS.jpg,https://t.co/e5VA2nUJmg
"""1102403922092711941""","""1102403872100835328""",https://pbs.twimg.com/media/D0yGexuV4AAsf_S.png,https://t.co/zata4PStdk
"""1102403922092711941""","""1102403890278891521""",https://pbs.twimg.com/media/D0yGf1cVAAE3xN2.png,https://t.co/zata4PStdk
"""1102356097585868801""","""1102355875308732416""",https://pbs.twimg.com/media/D0xa0_vXgAAGRaQ.jpg,https://t.co/d6GYzR4wto
"""1101544640241647616""","""1101544613846937600""",https://pbs.twimg.com/media/D0l4_XSXcAAc3Mg.jpg,https://t.co/VvVKj2SyzR
"""1101180177390989319""","""1101180172743647233""",https://pbs.twimg.com/media/D0gtiGYWoAEfGhz.jpg,https://t.co/fOdT6vh3DH
"""1100851386638655488""","""1100851378648301573""",https://pbs.twimg.com/media/D0cCfw7UwAUKzFS.jpg,https://t.co/oEc0YQqyKa
"""1100804160168095750""","""1100804158377078784""",https://pbs.twimg.com/media/D0bXjLtWsAAI2MI.jpg,https://t.co/iTh3txrkLg
"""1100788572075016192""","""1100788375093764096""",https://pbs.twimg.com/media/D0bJMeZX4AAPKka.jpg,https://t.co/ufv205vVN6
"""1100489269246713856""","""1100489262074478592""",https://pbs.twimg.com/media/D0W5JzkUwAA81ls.jpg,https://t.co/1GrLai7YDy
"""1100111392642920449""","""1100111383620976640""",https://pbs.twimg.com/media/D0RheYoXgAAz4dV.jpg,https://t.co/fvd0lZgp12
"""1097991438573490184""","""1097991254611234816""",https://pbs.twimg.com/media/DzzZOomWkAAw4We.jpg,https://t.co/KVYubxfDdd
"""1097991438573490184""","""1097991254607044610""",https://pbs.twimg.com/media/DzzZOolWoAIgaeI.jpg,https://t.co/KVYubxfDdd
"""1097916815840366592""","""1097916790246658048""",https://pbs.twimg.com/media/DzyVgPOW0AA9aTL.jpg,https://t.co/JEpptseMLg
"""1097556362228314112""","""1097555959713546240""",https://pbs.twimg.com/media/DztNVIvWwAAVgZ4.jpg,https://t.co/3vbaU6UaDH
"""1097193681533239297""","""1097193675153723392""",https://pbs.twimg.com/media/DzoD1ZlX0AAF6OB.jpg,https://t.co/QDPUmDqlcG
"""1096885414907052034""","""1096885407042715648""",https://pbs.twimg.com/media/Dzjrd1YXQAA7sjt.jpg,https://t.co/exyMwfgoxC
"""1096463329877385216""","""1096463127821062145""",https://pbs.twimg.com/media/DzdrZ8sWkAEO0Dc.jpg,https://t.co/4Bkc8PC5w9
"""1096081442520612865""","""1096081261406404610""",https://pbs.twimg.com/media/DzYQGZcXQAIKGLB.jpg,https://t.co/tE6aTTySAm
"""1096081442520612865""","""1096081274383548416""",https://pbs.twimg.com/media/DzYQHJyWwAAHkCw.jpg,https://t.co/tE6aTTySAm
"""1095878195881009153""","""1095878192626188288""",https://pbs.twimg.com/media/DzVXaPSUwAABbFG.jpg,https://t.co/eQrfNw7lEG
"""1095850112516001792""","""1095850110989275143""",https://pbs.twimg.com/media/DzU93rCWkAczgBa.jpg,https://t.co/gqdEEJ5VkW
"""1095777205387436032""","""1095775091747627009""",https://pbs.twimg.com/media/DzT5o-lWoAEehfY.jpg,https://t.co/5mUHrlHUal
"""1095425756656734208""","""1095425752567291907""",https://pbs.twimg.com/media/DzO76wuWoAM5lj4.jpg,https://t.co/neCPFHpIl5
"""1095091076573073408""","""1095090486568804352""",https://pbs.twimg.com/media/DzKK_tjX4AAqJwJ.jpg,https://t.co/rUUTFB6EYQ
"""1095030794953867264""","""1095030779112050689""",https://pbs.twimg.com/media/DzJUsR8X0AE8ZnD.jpg,https://t.co/Zjwjq96aDx
"""1093993136173604871""","""1093993130150559744""",https://pbs.twimg.com/media/Dy6k9KVXgAA-x9i.jpg,https://t.co/oNUyO1HTTJ
"""1093196792672518144""","""1093196611558219776""",https://pbs.twimg.com/media/DyvQhrWWoAAa740.jpg,https://t.co/0DI5bMO5so
"""1092225106477232128""","""1092225096268304384""",https://pbs.twimg.com/media/Dyhc8C3W0AAjEG2.jpg,https://t.co/itZf1LE747
"""1092225106477232128""","""1092225096276738048""",https://pbs.twimg.com/media/Dyhc8C5XgAAXxCB.jpg,https://t.co/itZf1LE747
"""1092225106477232128""","""1092225096268369920""",https://pbs.twimg.com/media/Dyhc8C3X0AAKr8N.jpg,https://t.co/itZf1LE747
"""1092225106477232128""","""1092225096293498880""",https://pbs.twimg.com/media/Dyhc8C9XQAAl2r1.jpg,https://t.co/itZf1LE747
"""1092223752862134273""","""1092223643373969412""",https://pbs.twimg.com/media/DyhbneaWoAQV6hI.jpg,https://t.co/0eDF4dBzfV
"""1091394593713643520""","""1091394457436475392""",https://pbs.twimg.com/media/DyVpegFU0AAAILo.jpg,https://t.co/iYdW0HoEZO
"""1091394593713643520""","""1091394503166980097""",https://pbs.twimg.com/media/DyVphKcU8AEvpzH.jpg,https://t.co/iYdW0HoEZO
"""1091394593713643520""","""1091394524989935616""",https://pbs.twimg.com/media/DyVpibvU0AAXDZJ.jpg,https://t.co/iYdW0HoEZO
"""1091394593713643520""","""1091394537648345088""",https://pbs.twimg.com/media/DyVpjK5U0AAyRTj.jpg,https://t.co/iYdW0HoEZO
"""1090379919509532672""","""1090379915705237505""",https://pbs.twimg.com/media/DyHOwZnUwAEiU5F.jpg,https://t.co/aSx9trdwjw
"""1090039567531397120""","""1090038774837309441""",https://pbs.twimg.com/media/DyCYfY2UcAEYn8P.jpg,https://t.co/qYnTuQ7jlD
"""1089573155549728769""","""1089573147425280003""",https://pbs.twimg.com/media/Dx7xATkWkAMAvsZ.jpg,https://t.co/n1PAUbK6Sk
"""1085289198054080512""","""1085289194363138048""",https://pbs.twimg.com/media/Dw-4xayVsAATGZw.jpg,https://t.co/ABcuYNZe8e
"""1085245054665420800""","""1085245050374606849""",https://pbs.twimg.com/media/Dw-Qn5nUUAE5aGy.jpg,https://t.co/ZtTN46GM5m
"""1084953036626157569""","""1084952876625981440""",https://pbs.twimg.com/media/Dw6G5JlUcAASpoI.jpg,https://t.co/Juk0BMT3Wq
"""1084953036626157569""","""1084952876537937920""",https://pbs.twimg.com/media/Dw6G5JQVAAAOMWP.jpg,https://t.co/Juk0BMT3Wq
"""1084953036626157569""","""1084952864617721857""",https://pbs.twimg.com/media/Dw6G4c2U8AEWVhN.jpg,https://t.co/Juk0BMT3Wq
"""1083907763787292674""","""1083907744745152514""",https://pbs.twimg.com/media/DwrQWd7UYAIWP2-.jpg,https://t.co/aRmStldG0i
"""1083133827231375362""","""1083133822294609920""",https://pbs.twimg.com/media/DwgQeQIU0AAAWXY.jpg,https://t.co/6Esu8YyvaD
"""1082811215150166017""","""1082811211392049152""",https://pbs.twimg.com/media/DwbrD03VYAAIc5H.jpg,https://t.co/A7se0hkiLI
"""1082728082316783616""","""1082728054995148801""",https://pbs.twimg.com/media/DwafbfJV4AE-Dkb.jpg,https://t.co/uBAofnUZC3
"""1082728082316783616""","""1082728055003435008""",https://pbs.twimg.com/media/DwafbfLUUAAP6VJ.jpg,https://t.co/uBAofnUZC3
"""1082728082316783616""","""1082728055003467776""",https://pbs.twimg.com/media/DwafbfLU0AA-JPW.jpg,https://t.co/uBAofnUZC3
"""1082728082316783616""","""1082728055003463680""",https://pbs.twimg.com/media/DwafbfLUwAAUlVb.jpg,https://t.co/uBAofnUZC3
"""1082449843786637312""","""1082449839630123010""",https://pbs.twimg.com/media/DwWiZOJVAAI2dzx.jpg,https://t.co/nPqn84kf4z
"""1078596737336520706""","""1078596730961256449""",https://pbs.twimg.com/media/DvfyAxzX4AEFHpH.jpg,https://t.co/NIb0UYW6Rd
"""1078369230058414080""","""1078369204456300544""",https://pbs.twimg.com/media/DvcjE_hWoAAgV83.jpg,https://t.co/KP8txS3PAw
"""1078034655008509954""","""1078034084528414727""",https://pbs.twimg.com/media/DvXyScgUYAcJvqs.jpg,https://t.co/040eQ5Ri1P
"""1077759741265354753""","""1077759736735510528""",https://pbs.twimg.com/media/DvT4xTVWsAApL1A.jpg,https://t.co/AYIcrQFDrB
"""1077702171381121024""","""1077702162073841665""",https://pbs.twimg.com/media/DvTEaBAU8AEPhQ8.jpg,https://t.co/foWe7e8Rm0
"""1077597811619872770""","""1077597803503857665""",https://pbs.twimg.com/media/DvRlfjCWsAE4MAd.jpg,https://t.co/wglzJuqzU6
"""1077019230615232512""","""1077019226433511424""",https://pbs.twimg.com/media/DvJXR7fV4AAjPvX.jpg,https://t.co/m91kRCxJfU
"""1076531757720178689""","""1076531724878659585""",https://pbs.twimg.com/media/DvCb5mrUwAE3qhg.jpg,https://t.co/Zuy5QO6qOW
"""1076531757720178689""","""1076531733594439680""",https://pbs.twimg.com/media/DvCb6HJVAAAhtzD.jpg,https://t.co/Zuy5QO6qOW
"""1076531757720178689""","""1076531741895024641""",https://pbs.twimg.com/media/DvCb6mEV4AE3Sl-.jpg,https://t.co/Zuy5QO6qOW
"""1076531757720178689""","""1076531751386636288""",https://pbs.twimg.com/media/DvCb7JbUYAAwNgg.jpg,https://t.co/Zuy5QO6qOW
"""1076519143791194113""","""1076519140163108864""",https://pbs.twimg.com/media/DvCQdE9UwAANvRE.jpg,https://t.co/AaBQPTaZM2
"""1076354388849881088""","""1076354378867531776""",https://pbs.twimg.com/media/Du_6mtTV4AAOs9z.jpg,https://t.co/3ZZvLBSVbj
"""1076347050835496960""","""1076347036516048897""",https://pbs.twimg.com/media/Du_z7U6VYAE69cB.jpg,https://t.co/WhzzdJeGdd
"""1076346106584489987""","""1076346082601381888""",https://pbs.twimg.com/media/Du_zDzTWsAAQfks.jpg,https://t.co/8ubvNPDF11
"""1076218145788973056""","""1076218131612262401""",https://pbs.twimg.com/media/Du9-sEuVYAESwxD.jpg,https://t.co/gyGZEfjvvy
"""1076162181643816960""","""1076162167727104005""",https://pbs.twimg.com/media/Du9LyjAWoAU-R5j.jpg,https://t.co/fdCIxCTANJ
"""1076152756640075776""","""1076152750889672704""",https://pbs.twimg.com/media/Du9DOajWoAA653p.jpg,https://t.co/2EWMFhFSZq
"""1075909670148206597""","""1075909653093969921""",https://pbs.twimg.com/media/Du5mIQsUcAE9d3S.jpg,https://t.co/IdUNbuwDfX
"""1075909670148206597""","""1075909653098160128""",https://pbs.twimg.com/media/Du5mIQtUYAAB1BU.jpg,https://t.co/IdUNbuwDfX
"""1075877717688639488""","""1075877709211787264""",https://pbs.twimg.com/media/Du5JE4dUYAAmVtw.jpg,https://t.co/4rUEravX2w
"""1075860981975199744""","""1075860828841103360""",https://pbs.twimg.com/media/Du45uULU0AAZgCf.jpg,https://t.co/aiPXPutRq5
"""1075847332757790720""","""1075847097235066880""",https://pbs.twimg.com/media/Du4tPB9U0AAt4Rt.jpg,https://t.co/mfbOcl8lQu
"""1075841812135174144""","""1075841491803680768""",https://pbs.twimg.com/media/Du4oIwGVsAAGxXQ.jpg,https://t.co/XMxFR4o6Vz
"""1075837453267656704""","""1075837275991207936""",https://pbs.twimg.com/media/Du4kTW-UcAAnFm9.jpg,https://t.co/kWqh0Owbv2
"""1075818556401639427""","""1075818550877712385""",https://pbs.twimg.com/media/Du4TRafXcAEc0ID.jpg,https://t.co/vOyat99Nmg
"""1075773996514197507""","""1075773990528905218""",https://pbs.twimg.com/media/Du3qvqQUcAIi0d4.jpg,https://t.co/F6L6DGKyeE
"""1075629311950876672""","""1075629307936952320""",https://pbs.twimg.com/media/Du1nKBmU0AAqJ9t.jpg,https://t.co/v7kSR0KKMq
"""1075628986632265728""","""1075628967602806785""",https://pbs.twimg.com/media/Du1m2NwV4AEaFUD.jpg,https://t.co/sIBAQUBtEG
"""1075450766935109632""","""1075450764951203842""",https://pbs.twimg.com/media/DuzExdJWsAI6BF8.jpg,https://t.co/djYsAdjHCs
"""1075153005542928384""","""1075152823065563136""",https://pbs.twimg.com/media/Duu1y9IU0AAnFah.jpg,https://t.co/9ssHJMigbq
"""1075102352867119105""","""1075102282436481024""",https://pbs.twimg.com/media/DuuH1GnWkAAhHbn.jpg,https://t.co/7ZKohKnL5m
"""1074876571536842759""","""1074876550959558657""",https://pbs.twimg.com/media/Duq6hzVXcAEVPbJ.jpg,https://t.co/CsTTY909Ji
"""1074876571536842759""","""1074876563001348097""",https://pbs.twimg.com/media/Duq6igMWkAEETTi.jpg,https://t.co/CsTTY909Ji
"""1074836274995912704""","""1074836270310862848""",https://pbs.twimg.com/media/DuqV5KOVsAA9gf6.jpg,https://t.co/bRIjWPZe6Q
"""1074756128322580480""","""1074756125982117890""",https://pbs.twimg.com/media/DupNAJVW0AIkllX.jpg,https://t.co/Jt3sVLKMTj
"""1073625076266876928""","""1073625060609544192""",https://pbs.twimg.com/media/DuZITeeW0AANqaC.jpg,https://t.co/6oZ9MuldDl
"""1073625076266876928""","""1073625060609531906""",https://pbs.twimg.com/media/DuZITeeWoAInzWW.jpg,https://t.co/6oZ9MuldDl
"""1073435081757339649""","""1073435072320167937""",https://pbs.twimg.com/media/DuWbgs8W4AEMuQv.jpg,https://t.co/6eUPwVZni5
"""1073246167457251328""","""1073014785652842496""",https://pbs.twimg.com/media/DuQdQzGUYAAl5Eo.jpg,https://t.co/DtSXrFbbDw
"""1073084021536624640""","""1073084009683443712""",https://pbs.twimg.com/media/DuRcOKtVYAAQ6Of.jpg,https://t.co/Uzxt4Wikmc
"""1073084021536624640""","""1073084016377511938""",https://pbs.twimg.com/media/DuRcOjpUwAI5jjq.jpg,https://t.co/Uzxt4Wikmc
"""1073080837770436608""","""1073080829633392640""",https://pbs.twimg.com/media/DuRZVEGUcAAPCqW.jpg,https://t.co/xAEFOCBurx
"""1072951690993774592""","""1072951646047559680""",https://pbs.twimg.com/media/DuPj1lvV4AAx82J.jpg,https://t.co/pcp0Ugn0ek
"""1072863396247285761""","""1072863106555011072""",https://pbs.twimg.com/media/DuOTT6bVYAA3mwf.jpg,https://t.co/liNDCbNTWH
"""1072200645724127232""","""1072200555622162432""",https://pbs.twimg.com/media/DuE4uX3V4AAHnWb.jpg,https://t.co/cjVKKPgo9r
"""1072144405295980544""","""1072144400833277952""",https://pbs.twimg.com/media/DuEFpu-XcAAeVnW.jpg,https://t.co/vNyRm8At8r
"""1071931179157348353""","""1071931177311834113""",https://pbs.twimg.com/media/DuBDufdWkAE_uyb.jpg,https://t.co/s2QZumI9wq
"""1071194256906182656""","""1071194213469933568""",https://pbs.twimg.com/media/Dt2ldjNUUAA4iZ2.jpg,https://t.co/eXO4PK6fyv
"""1070830245618413568""","""1070760100820803586""",https://pbs.twimg.com/media/Dtwao3kV4AIfdai.jpg,https://t.co/2FskGucVSu
"""1069079778890735616""","""1069079773664571392""",https://pbs.twimg.com/media/DtYiY9HU8AAXgiG.jpg,https://t.co/Qkz7phgRr2
"""1069079778890735616""","""1069079773664575488""",https://pbs.twimg.com/media/DtYiY9HVAAABGvx.jpg,https://t.co/Qkz7phgRr2
"""1069079778890735616""","""1069079773660368896""",https://pbs.twimg.com/media/DtYiY9GU0AAkX5i.jpg,https://t.co/Qkz7phgRr2
"""1068028459400683520""","""1068028435639885826""",https://pbs.twimg.com/media/DtJmNBxU4AIttFY.jpg,https://t.co/DoBTyGpJFj
"""1067967065678524417""","""1067967045055041536""",https://pbs.twimg.com/media/DtIuXoBUUAAumDO.jpg,https://t.co/bdzHDd1UqX
"""1067586991468961792""","""1067586968547016704""",https://pbs.twimg.com/media/DtDUsQsUwAAsMeg.jpg,https://t.co/gdUO6BJYBK
"""1064555171697446912""","""1064555166890749952""",https://pbs.twimg.com/media/DsYPSLZUcAADME9.jpg,https://t.co/ws6XdSNIQX
"""1064153753039892482""","""1063479665237483520""",https://pbs.twimg.com/media/DsI9HvhU4AA4vZN.jpg,https://t.co/sPAOZ2MLLe
"""1063854978962477056""","""1063854970800238592""",https://pbs.twimg.com/media/DsOSdZsU8AAdLzY.jpg,https://t.co/5lAiiC3pA5
"""1063634855492239360""","""1063634847938342912""",https://pbs.twimg.com/media/DsLKQkIXcAAhO5c.jpg,https://t.co/JVIau7RBiG
"""1063590289812611072""","""1063495118169272320""",https://pbs.twimg.com/media/DsJLLOLXcAAi6bW.jpg,https://t.co/WqlfTC8hhz
"""1063513323684036608""","""1063512849534791680""",https://pbs.twimg.com/media/DsJbTUqVsAAK8zk.jpg,https://t.co/pd8FYqJ0J8
"""1063507095692107776""","""1063507090566606848""",https://pbs.twimg.com/media/DsJWEG1U8AAQHxH.jpg,https://t.co/W1er0f8z1y
"""1063503237733642240""","""1063503235942678528""",https://pbs.twimg.com/media/DsJSjvPXgAAuzCd.jpg,https://t.co/D2gHWarTMF
"""1063147181379600384""","""1063147169245487106""",https://pbs.twimg.com/media/DsEOt7bW4AIHl2k.jpg,https://t.co/uTFvL6Eyn6
"""1062943438591721472""","""1062943428378390528""",https://pbs.twimg.com/media/DsBVapjUcAAJEFz.jpg,https://t.co/XvMmRa2L20
"""1062920214529105920""","""1062919847317774336""",https://pbs.twimg.com/media/DsA_-DQWoAAGXIf.jpg,https://t.co/KzN5koBPF2
"""1062803696663244800""","""1062803693576187904""",https://pbs.twimg.com/media/Dr_WVA2U8AAEs0B.jpg,https://t.co/AaCDCo4dZd
"""1060959966222213120""","""1060959959611887616""",https://pbs.twimg.com/media/DrlJdkmUUAAT8Uc.jpg,https://t.co/1qgH4FlPa6
"""1060570431281782784""","""1060570362419732480""",https://pbs.twimg.com/media/DrfnIB9V4AAeh_q.jpg,https://t.co/Qftf4SfURY
"""1058023470309634048""","""1058023465310015489""",https://pbs.twimg.com/media/Dq7avG3U0AEEb16.jpg,https://t.co/rWvk3VUgHr
"""1058023470309634048""","""1058023465301630977""",https://pbs.twimg.com/media/Dq7avG1U4AEpXVE.jpg,https://t.co/rWvk3VUgHr
"""1058023470309634048""","""1058023465301663745""",https://pbs.twimg.com/media/Dq7avG1VYAEQAz8.jpg,https://t.co/rWvk3VUgHr
"""1057795622575718401""","""1057795620583469056""",https://pbs.twimg.com/media/Dq4LgzHXcAAVe54.jpg,https://t.co/i0WTdiZ5v8
"""1057795622575718401""","""1057795619241234433""",https://pbs.twimg.com/media/Dq4LguHWkAE8RxJ.jpg,https://t.co/i0WTdiZ5v8
"""1057678351337381889""","""1057678346631315456""",https://pbs.twimg.com/media/Dq2g2jmVAAAJUyR.jpg,https://t.co/LMCMMEmkNP
"""1057678288645120000""","""1057678281984503808""",https://pbs.twimg.com/media/Dq2gyyxU8AAmtue.jpg,https://t.co/J5kKzC8CbU
"""1057678214699446272""","""1057678209381150720""",https://pbs.twimg.com/media/Dq2gukTVsAAd_OX.jpg,https://t.co/5WYrWbLYwA
"""1057678137339740161""","""1057678128288395269""",https://pbs.twimg.com/media/Dq2gp2NUcAU6u6y.jpg,https://t.co/uHM4dorMSL
"""1057141439254036480""","""1057141430072659968""",https://pbs.twimg.com/media/Dqu4h5jUUAALHtz.jpg,https://t.co/xX1CDWdSmw
"""1057141439254036480""","""1057141430097858560""",https://pbs.twimg.com/media/Dqu4h5pU0AAv-VN.jpg,https://t.co/xX1CDWdSmw
"""1057141439254036480""","""1057141430068494336""",https://pbs.twimg.com/media/Dqu4h5iUwAA6Ax2.jpg,https://t.co/xX1CDWdSmw
"""1057109942535184384""","""1057109936298110977""",https://pbs.twimg.com/media/Dqub4uGVsAEBdZ7.jpg,https://t.co/y6YxQgo3H8
"""1057095727330025472""","""1057095709030318080""",https://pbs.twimg.com/media/DquO8lZXgAANluc.jpg,https://t.co/0lP81YitxD
"""1057091307733221376""","""1057091303295471616""",https://pbs.twimg.com/media/DquK8IwU0AAOaSR.jpg,https://t.co/oXDZAez07I
"""1057087866583609344""","""1057087859268538368""",https://pbs.twimg.com/media/DquHzqwUUAAsRr0.jpg,https://t.co/DrmtKlqoaE
"""1057083052885790720""","""1057083041514844160""",https://pbs.twimg.com/media/DquDbPOU8AAIrHM.jpg,https://t.co/zOwpylQTDS
"""1056897874678763521""","""1056897859801370624""",https://pbs.twimg.com/media/DqrbAPlU0AAQaBY.jpg,https://t.co/JPVgHdB6X3
"""1056897874678763521""","""1056897859809796098""",https://pbs.twimg.com/media/DqrbAPnVYAICK8_.jpg,https://t.co/JPVgHdB6X3
"""1056786317328101376""","""1056786312513019904""",https://pbs.twimg.com/media/Dqp1jVjVYAAxZ7c.jpg,https://t.co/XlWHcXITjf
"""1055881355278471168""","""1055881335510892544""",https://pbs.twimg.com/media/Dqc-evgXgAAA3BY.jpg,https://t.co/OZNIQi8IYw
"""1055594763775143936""","""1055594500972781569""",https://pbs.twimg.com/media/DqY5mxlWoAEPq09.jpg,https://t.co/gb2To6OT2l
"""1055262935956647936""","""1055262931741421568""",https://pbs.twimg.com/media/DqUMC58VsAANYWB.jpg,https://t.co/iL8S6wqUkv
"""1054504361760419840""","""1054504357398376448""",https://pbs.twimg.com/media/DqJaIETU8AAM32j.jpg,https://t.co/CfsJ7g7j7v
"""1053144454289215488""","""1053144444147384320""",https://pbs.twimg.com/media/Dp2FSsqUwAAtVnt.jpg,https://t.co/qH7egVNmu6
"""1052263522292383745""","""1052263515904454656""",https://pbs.twimg.com/media/DppkF7OWsAACkQ6.jpg,https://t.co/XhjJktWsak
"""1052242181484883968""","""1052242165005541377""",https://pbs.twimg.com/media/DppQrI7X4AEMT4N.jpg,https://t.co/KPvORmWpzL
"""1050454910628651010""","""1050454907386359808""",https://pbs.twimg.com/media/DpP3LDdUcAAbj5c.jpg,https://t.co/DV7D2nYe6a
"""1050060891339673602""","""1049892700391137280""",https://pbs.twimg.com/media/DpH32TMW4AAT0y5.jpg,https://t.co/2yKL8fyYeq
"""1049937999830511616""","""1049937993144840192""",https://pbs.twimg.com/media/DpIhCr2VsAA-Twt.jpg,https://t.co/zXWW0CXv0i
"""1049937999830511616""","""1049937993144782849""",https://pbs.twimg.com/media/DpIhCr2U0AErOEM.jpg,https://t.co/zXWW0CXv0i
"""1049937999830511616""","""1049937993161531392""",https://pbs.twimg.com/media/DpIhCr6UYAAGUEX.jpg,https://t.co/zXWW0CXv0i
"""1049937999830511616""","""1049937993153179649""",https://pbs.twimg.com/media/DpIhCr4U8AEZdj2.jpg,https://t.co/zXWW0CXv0i
"""1049826700630970368""","""1049821973436542978""",https://pbs.twimg.com/media/DpG3hcwVsAIOaEy.jpg,https://t.co/yWBMWwjAGr
"""1047596414295916544""","""1047596409845735425""",https://pbs.twimg.com/media/DonPYmTUYAE66IU.jpg,https://t.co/OoP7mwwlnU
"""1047507829332967429""","""1047507824891183105""",https://pbs.twimg.com/media/Dol-0RoUwAE2cG1.jpg,https://t.co/5bIGL1DNjh
"""1047341804473831425""","""1047341800447344640""",https://pbs.twimg.com/media/Dojn0YYVAAANMtT.jpg,https://t.co/6f27owTg8b
"""1046949441008152577""","""1046949437535215616""",https://pbs.twimg.com/media/DoeC92oU4AAleiK.jpg,https://t.co/mHYpEA7870
"""1046622914877870080""","""1046622910767460352""",https://pbs.twimg.com/media/DoZZ_foUcAArJfz.jpg,https://t.co/aF9MWNaLDu
"""1046622802843815941""","""1046622796665696257""",https://pbs.twimg.com/media/DoZZ42kVsAEK2Bd.jpg,https://t.co/fInlLIKIih
"""1046622649034534914""","""1046622645007966209""",https://pbs.twimg.com/media/DoZZwBmUYAE6oOb.jpg,https://t.co/PFTKhrjB4L
"""1045023371442802688""","""1045023367273754624""",https://pbs.twimg.com/media/DoCrNzxVsAAbIVV.jpg,https://t.co/DTXFU49yz9
"""1044034313786806273""","""1044034306597965824""",https://pbs.twimg.com/media/Dn0nq5oX0AAqM7k.jpg,https://t.co/pIOPHqgDb7
"""1043885475235160064""","""1043885469300330497""",https://pbs.twimg.com/media/DnygTbfWkAEPlqq.jpg,https://t.co/5r7MutrK3Y
"""1043693426271694854""","""1043693420215058432""",https://pbs.twimg.com/media/Dnvxos5UwAAXiss.jpg,https://t.co/a9MrkVUjaV
"""1043693426271694854""","""1043693420223459328""",https://pbs.twimg.com/media/Dnvxos7U8AAlagJ.jpg,https://t.co/a9MrkVUjaV
"""1041730402828705792""","""1041730398739324928""",https://pbs.twimg.com/media/DnT4R0CVYAA5h4m.jpg,https://t.co/HxXO5HknZF
"""1041519551479857152""","""1041519541853929473""",https://pbs.twimg.com/media/DnQ4gU7UwAEYekI.jpg,https://t.co/5IYhjlSpSP
"""1041519551479857152""","""1041519541950373889""",https://pbs.twimg.com/media/DnQ4gVSUYAEyzMx.jpg,https://t.co/5IYhjlSpSP
"""1040676243069296640""","""1040676239063769088""",https://pbs.twimg.com/media/DnE5hpOV4AAEC6R.jpg,https://t.co/O5Xc2LMImQ
"""1040053929671720960""","""1040053903461474305""",https://pbs.twimg.com/media/Dm8Dg8cUYAEUr8d.jpg,https://t.co/c3xZvikE8p
"""1037860534136332291""","""1037860531812675590""",https://pbs.twimg.com/media/Dmc4p6UXsAYzla1.jpg,https://t.co/6j6YF48hrJ
"""1037857530360131589""","""1037857522495807489""",https://pbs.twimg.com/media/Dmc16vvUYAEWbNz.jpg,https://t.co/OHE9FpTuWV
"""1037857530360131589""","""1037857522495807488""",https://pbs.twimg.com/media/Dmc16vvUYAAnDnC.jpg,https://t.co/OHE9FpTuWV
"""1037476434522959873""","""1037476407780069376""",https://pbs.twimg.com/media/DmXbS8yUUAAU75s.jpg,https://t.co/yJXeBIbQcU
"""1037476434522959873""","""1037476408061120512""",https://pbs.twimg.com/media/DmXbS91U0AA4E4Y.jpg,https://t.co/yJXeBIbQcU
"""1037476434522959873""","""1037476409495539712""",https://pbs.twimg.com/media/DmXbTDLUUAAhN9K.jpg,https://t.co/yJXeBIbQcU
"""1037476434522959873""","""1037476411362107392""",https://pbs.twimg.com/media/DmXbTKIV4AAqed_.jpg,https://t.co/yJXeBIbQcU
"""1036774316895952896""","""1036774298231300096""",https://pbs.twimg.com/media/DmNcuy5U4AAl81L.jpg,https://t.co/GweiG1LWhc
"""1036774316895952896""","""1036774298193551361""",https://pbs.twimg.com/media/DmNcuywU4AEEWoN.jpg,https://t.co/GweiG1LWhc
"""1036642923616432128""","""1036642919208210433""",https://pbs.twimg.com/media/DmLlPh5UUAEcjLb.jpg,https://t.co/qatxKyMDVN
"""1035399111220969473""","""1035399088571699201""",https://pbs.twimg.com/media/Dl55_DsUUAEE61W.jpg,https://t.co/RyslQbeldX
"""1034309534741815296""","""1034309528534245376""",https://pbs.twimg.com/media/DlqbCUQV4AA7lrX.jpg,https://t.co/yjrHfh0pME
"""1034309534741815296""","""1034309528534179840""",https://pbs.twimg.com/media/DlqbCUQU4AAytj0.jpg,https://t.co/yjrHfh0pME
"""1034088975139450880""","""1034088969938427906""",https://pbs.twimg.com/media/DlnScHdUYAItDCe.jpg,https://t.co/8iuv8xPzyW
"""1032734606871670789""","""1032734579725979648""",https://pbs.twimg.com/media/DlUCoOvUUAAUL59.jpg,https://t.co/ydYmtbPHqX
"""1031604304837324800""","""1031604302479912962""",https://pbs.twimg.com/media/DlD-pb4UcAISqRg.jpg,https://t.co/AfNLXgfSyU
"""1031571346067804160""","""1031571340401115137""",https://pbs.twimg.com/media/DlDgqykVAAEV7T2.jpg,https://t.co/ju3M3zndvd
"""1031374317689491456""","""1031374292917907456""",https://pbs.twimg.com/media/DlAtdHfXcAAZEya.jpg,https://t.co/9slErmKvDm
"""1031360869425446914""","""1031360859577171968""",https://pbs.twimg.com/media/DlAhPMZWwAAH3ib.jpg,https://t.co/uWfnyKTlik
"""1031360516676112385""","""1031360508346216448""",https://pbs.twimg.com/media/DlAg6v9XsAAePfP.jpg,https://t.co/Bz8exB2C5x
"""1030262902106800128""","""1030262896662474752""",https://pbs.twimg.com/media/Dkw6pVzU8AAHLLE.jpg,https://t.co/TVyvcZXL7B
"""1027368610254209024""","""1027368601286782977""",https://pbs.twimg.com/media/DkHyTLUWsAEggZ3.jpg,https://t.co/IxhNUTpVMm
"""1027238870339866627""","""1027238856590913536""",https://pbs.twimg.com/media/DkF8TCqUcAAyFOx.jpg,https://t.co/Xh4mGgS38C
"""1023762818846392320""","""1023762716568236032""",https://pbs.twimg.com/media/DjUixD9WsAAMWlS.jpg,https://t.co/HeTzEMT0za
"""1023762818846392320""","""1023762716606050304""",https://pbs.twimg.com/media/DjUixEGXsAARz01.jpg,https://t.co/HeTzEMT0za
"""1022535054566674432""","""1022535049193779200""",https://pbs.twimg.com/media/DjDGNamU8AAgtTn.jpg,https://t.co/ZQeQ4bB4uB
"""1022284577455398914""","""1022284561349312512""",https://pbs.twimg.com/media/Di_iZGqXgAA5EqR.jpg,https://t.co/BfgkxbECzt
"""1022163432278118400""","""1022163426481590274""",https://pbs.twimg.com/media/Di90OIHU0AIxQK8.jpg,https://t.co/1fagPSGN9J
"""1022094278842089477""","""1022094276656812033""",https://pbs.twimg.com/media/Di81VE8W0AEJYJK.jpg,https://t.co/Xb50VKDxzS
"""1021915086489673728""","""1021915081934745600""",https://pbs.twimg.com/media/Di6SWklVsAAdt_A.jpg,https://t.co/nVuQL8dQmp
"""1021836639063236608""","""1021836550768717824""",https://pbs.twimg.com/media/Di5K7dMUcAAGMIy.jpg,https://t.co/pg87oEYIm2
"""1021821841575358464""","""1021821828224839680""",https://pbs.twimg.com/media/Di49ifcU8AAfh95.jpg,https://t.co/gqm2uBYyg2
"""1021821841575358464""","""1021821828254195713""",https://pbs.twimg.com/media/Di49ifjU4AEOxzH.jpg,https://t.co/gqm2uBYyg2
"""1021821841575358464""","""1021821828237410304""",https://pbs.twimg.com/media/Di49iffUwAA7p7-.jpg,https://t.co/gqm2uBYyg2
"""1021821841575358464""","""1021821828258357248""",https://pbs.twimg.com/media/Di49ifkUYAAQZUw.jpg,https://t.co/gqm2uBYyg2
"""1021819928595247104""","""1021819758948151296""",https://pbs.twimg.com/media/Di47qCyUcAA8IWv.jpg,https://t.co/4cC9x3PACj
"""1021818143268728833""","""1021818134129389569""",https://pbs.twimg.com/media/Di46Ld3VsAEKf5-.jpg,https://t.co/ncOZ6FEUR5
"""1021809739653685248""","""1021809713854509056""",https://pbs.twimg.com/media/Di4yhV5XcAAcYgf.jpg,https://t.co/Nw2SZmnCpr
"""1021791842398961664""","""1021791747427393536""",https://pbs.twimg.com/media/Di4iLjvV4AAiMVs.jpg,https://t.co/IqV2OhsHui
"""1021791842398961664""","""1021791747419004930""",https://pbs.twimg.com/media/Di4iLjtV4AIw304.jpg,https://t.co/IqV2OhsHui
"""1021791842398961664""","""1021791747414753280""",https://pbs.twimg.com/media/Di4iLjsVAAALaEg.jpg,https://t.co/IqV2OhsHui
"""1021776572552892416""","""1021775371774001153""",https://pbs.twimg.com/media/Di4TSXrVAAE2goc.jpg,https://t.co/uo8NBEL3CK
"""1021749123307986944""","""1021749120967426048""",https://pbs.twimg.com/media/Di37aXzUwAAc3B8.jpg,https://t.co/O3b4BiCJvq
"""1020094696146624512""","""1020094691520307201""",https://pbs.twimg.com/media/Digat51UYAEx5Hd.jpg,https://t.co/l6qc7kwRAd
"""1020094696146624512""","""1020094691516141568""",https://pbs.twimg.com/media/Digat50U0AAzT56.jpg,https://t.co/l6qc7kwRAd
"""1019683736969994240""","""1019683731873902592""",https://pbs.twimg.com/media/Diak852WsAAnK7i.jpg,https://t.co/Aqf926Xxdy
"""1019338295636058114""","""1019338282210127874""",https://pbs.twimg.com/media/DiVqxFkXcAIIDPi.jpg,https://t.co/1LduS4ez3f
"""1018941484316233729""","""1018941480201666560""",https://pbs.twimg.com/media/DiQB4K5UwAAGtAP.jpg,https://t.co/eTOr1thAXX
"""1018628961599778816""","""1018628946621972483""",https://pbs.twimg.com/media/DiLloUlVQAMep7D.jpg,https://t.co/x9NHTZqpjk
"""1018628961599778816""","""1018628946621915137""",https://pbs.twimg.com/media/DiLloUlUYAEn6Ip.jpg,https://t.co/x9NHTZqpjk
"""1017131594090336256""","""1017131585844334592""",https://pbs.twimg.com/media/Dh2TydAU0AAmQb5.jpg,https://t.co/pMMmWHU4su
"""1016877679352532992""","""1016877314435571717""",https://pbs.twimg.com/media/Dhysh6MV4AUYMkq.jpg,https://t.co/h3JDaS4hDn
"""1016149808476835842""","""1016149796955066369""",https://pbs.twimg.com/media/DhoW20YXkAEmaFe.jpg,https://t.co/QGFCtqrfkO
"""1015716130344730624""","""1015716123642249216""",https://pbs.twimg.com/media/DhiMbtZVQAAuBse.jpg,https://t.co/i5lklX8eqC
"""1014910898111066112""","""1014910892734013441""",https://pbs.twimg.com/media/DhWwFGgV4AE2m9H.jpg,https://t.co/snOCbBK4Fl
"""1014638008190898176""","""1014638003912728576""",https://pbs.twimg.com/media/DhS344bUYAArK_0.jpg,https://t.co/BnzaXb0gom
"""1014509785964638209""","""1014509781858447361""",https://pbs.twimg.com/media/DhRDRYDU8AEQFvm.jpg,https://t.co/42OLWdPfBE
"""1013927772962484225""","""1013927768772435968""",https://pbs.twimg.com/media/DhIx7wWV4AAFicF.jpg,https://t.co/cyC5uU7fhx
"""1013608127965511680""","""1013608123968335872""",https://pbs.twimg.com/media/DhEPN-qVMAACUWm.jpg,https://t.co/MeZ1fF3wIy
"""1013451202061787136""","""1013451195963174912""",https://pbs.twimg.com/media/DhCAfkSUcAARibT.jpg,https://t.co/FgI5ldx0bw
"""1013451202061787136""","""1013451195996704773""",https://pbs.twimg.com/media/DhCAfkaUEAUNG_9.jpg,https://t.co/FgI5ldx0bw
"""1013072452878909440""","""1013072441529126913""",https://pbs.twimg.com/media/Dg8oBKEU0AER8Iu.jpg,https://t.co/NZ5K1ypni2
"""1012440028817944576""","""1012440010660851712""",https://pbs.twimg.com/media/Dgzo01fVMAAeVjS.jpg,https://t.co/wZY9bIEzlk
"""1012015286990467072""","""1012015280594145280""",https://pbs.twimg.com/media/DgtmiSsU0AAux0p.jpg,https://t.co/GAIZejgIVc
"""1011427239877996544""","""1011427234546978816""",https://pbs.twimg.com/media/DglPtgdUEAAM5o9.jpg,https://t.co/emZKxc7azZ
"""1011329848462082048""","""1011329842745208837""",https://pbs.twimg.com/media/Dgj3IjuUcAU82XO.jpg,https://t.co/6582A0l0Dx
"""1011056832930955264""","""1011056821660839936""",https://pbs.twimg.com/media/Dgf-0o7UcAAQdUh.jpg,https://t.co/GMKj5MaE7n
"""1009911404479090688""","""1009911402415448065""",https://pbs.twimg.com/media/DgPtEduW4AEKSin.jpg,https://t.co/UpNxVjsCF6
"""1009475450412789761""","""1009475426689826816""",https://pbs.twimg.com/media/DgJgjVlVQAAFJty.jpg,https://t.co/vB35ge7TWq
"""1009292278161182720""","""1009292275334172674""",https://pbs.twimg.com/media/DgG5-hnW0AIu7J_.jpg,https://t.co/3QH2GJFLUy
"""1008508898691538945""","""1008508875010527234""",https://pbs.twimg.com/media/Df7xen_U0AIAgh2.jpg,https://t.co/WrlBz4x75U
"""1008508898691538945""","""1008508874893099010""",https://pbs.twimg.com/media/Df7xenjVAAIpQNx.jpg,https://t.co/WrlBz4x75U
"""1007827857333030912""","""1007827843168866304""",https://pbs.twimg.com/media/DfyGFWrUEAA-d1q.jpg,https://t.co/EctRmnhXXC
"""1007320677026844672""","""1007320661692329984""",https://pbs.twimg.com/media/Dfq4zgcVMAAKdis.jpg,https://t.co/5HJO0G06Ai
"""1007092550384025600""","""1007092545027837952""",https://pbs.twimg.com/media/DfnpVXpUEAARDe9.jpg,https://t.co/yzobwnbpqj
"""1006974485185159170""","""1006933403705462784""",https://pbs.twimg.com/media/DflYmIBW0AAiw1c.jpg,https://t.co/VxVeXeeIRh
"""1006296795624771584""","""1006296781964042240""",https://pbs.twimg.com/media/DfcVl3OV4AAi1mG.jpg,https://t.co/mdZpgc3Ojt
"""1006259205102133248""","""1006259198705856512""",https://pbs.twimg.com/media/DfbzaOrU8AA73hh.jpg,https://t.co/mQSk09Eg62
"""1005802515336658944""","""1005802513638023168""",https://pbs.twimg.com/media/DfVUDqOW4AAszAQ.jpg,https://t.co/nKQsa4tPwC
"""1005595354094395392""","""1005595344376221696""",https://pbs.twimg.com/media/DfSXo0lU0AAhPmq.jpg,https://t.co/SJz8SFpJYg
"""1004851813672079360""","""1004851582352019456""",https://pbs.twimg.com/media/DfHzMLIU0AA0n3I.jpg,https://t.co/yGxu1w1Xpx
"""1004617223137255424""","""1004617214954110976""",https://pbs.twimg.com/media/DfEeCMiVAAAMnRt.jpg,https://t.co/O5hcETHr6W
"""1004561396036599808""","""1004561388281327616""",https://pbs.twimg.com/media/DfDrQp-U8AAxTUF.jpg,https://t.co/eRexY80KGu
"""1004506261935681536""","""1004506063901782017""",https://pbs.twimg.com/media/DfC48WmXcAExHaM.jpg,https://t.co/t55Uw38RQW
"""1001978610331332610""","""1001978601858740225""",https://pbs.twimg.com/media/Dee-OsxVMAE8x7C.jpg,https://t.co/VtZqIrsGjr
"""1001645834637688832""","""1001645828526690304""",https://pbs.twimg.com/media/DeaPkvgV0AAET9v.jpg,https://t.co/RxtHMknDOr
"""1001557540738514944""","""1001552320105209856""",https://pbs.twimg.com/media/DeY6h1fW4AA0gK6.jpg,https://t.co/jk3cSrL1de
"""999448916025163776""","""999448900594417664""",https://pbs.twimg.com/media/Dd7BetMVwAA0vb2.jpg,https://t.co/tOyPuItfrg
"""998956828166893568""","""998956824677138432""",https://pbs.twimg.com/media/Dd0B8HjVQAAdpGc.jpg,https://t.co/9xX9Oty88k
"""998263965208657923""","""998263851878563840""",https://pbs.twimg.com/media/DdqLrytVwAAKXQq.jpg,https://t.co/xPVLHZgzff
"""997496808682147840""","""997496369349779456""",https://pbs.twimg.com/media/DdfRqbfV4AAglyx.jpg,https://t.co/6ckWuZR002
"""996772504482889728""","""996772465140416513""",https://pbs.twimg.com/media/DdU_RqKVwAEc8S2.jpg,https://t.co/F1sT3bSa5X
"""996771738766622720""","""996771186787807232""",https://pbs.twimg.com/media/DdU-HP7U8AA3LFY.jpg,https://t.co/XS0XwCUH34
"""994218622510759936""","""994218334341120000""",https://pbs.twimg.com/media/DcwsTreVQAAVOuD.jpg,https://t.co/xtxc1aaZwd
"""992496658440060929""","""992496520447410176""",https://pbs.twimg.com/media/DcYOU64UQAAIr50.jpg,https://t.co/Q7zYfoV2G0
"""991113341765435392""","""991113329782353920""",https://pbs.twimg.com/media/DcEkUoHU8AAfP60.jpg,https://t.co/5xueWjbMJl
"""991082196910903296""","""991082188350291968""",https://pbs.twimg.com/media/DcEH_9PWAAADGYw.jpg,https://t.co/hvkRXJXrI7
"""990955862213541890""","""990955847722323973""",https://pbs.twimg.com/media/DcCVF9uV0AUHcRF.jpg,https://t.co/3w2UW1d2uK
"""990700682834411520""","""990700656968122368""",https://pbs.twimg.com/media/Db-s_6FUwAAGxwW.jpg,https://t.co/4CTM0bEEj7
"""990699782136987648""","""990699643372691456""",https://pbs.twimg.com/media/Db-sE6JV4AAGSmX.jpg,https://t.co/zAZ23fFTai
"""990301537829175296""","""990301526739464192""",https://pbs.twimg.com/media/Db5B_eHVMAACa8y.jpg,https://t.co/GlhuMgdQcy
"""990003136491274240""","""990003123530813440""",https://pbs.twimg.com/media/Db0ymHiU0AAVCP3.jpg,https://t.co/pBC0ADMEjw
"""989934864181817344""","""989934855449333760""",https://pbs.twimg.com/media/Dbz0gZHV0AAYMfU.jpg,https://t.co/PAo2w4zwg7
"""989931713793998849""","""989931709192855552""",https://pbs.twimg.com/media/DbzxpQZV4AA-pCU.jpg,https://t.co/HktG6ABiGX
"""989923722709495808""","""989923708675411968""",https://pbs.twimg.com/media/DbzqXkJV0AAuD6k.jpg,https://t.co/Zw9p9C5jFP
"""989731957532577792""","""989731955045355520""",https://pbs.twimg.com/media/Dbw7-CNU0AASfkc.jpg,https://t.co/QVFFjWWT67
"""989683553708466177""","""989683551409930241""",https://pbs.twimg.com/media/DbwP8knWAAEWq-L.jpg,https://t.co/8MVHnTmTuf
"""989638207946899461""","""989638201244401664""",https://pbs.twimg.com/media/Dbvms2FUQAAj9dy.jpg,https://t.co/i2ZFm9hZSR
"""989596034312560640""","""989596029812011008""",https://pbs.twimg.com/media/DbvAWJQU8AAYIty.jpg,https://t.co/0tJgLwTImz
"""989587091787993088""","""989587086272425984""",https://pbs.twimg.com/media/Dbu4Nj-U8AAXlvA.jpg,https://t.co/E0RjiqbKep
"""989579978923749376""","""989579976398770176""",https://pbs.twimg.com/media/DbuxvtoWkAAMw7H.jpg,https://t.co/pUAzja0mf8
"""989324255102840832""","""989324218188709888""",https://pbs.twimg.com/media/DbrJIoDUQAApPBe.jpg,https://t.co/jKL7o5gGIB
"""989323738142330880""","""989323637378375681""",https://pbs.twimg.com/media/DbrIm0XV4AEauHC.jpg,https://t.co/6dgaUwu65l
"""988449487168331776""","""988449479605993473""",https://pbs.twimg.com/media/DbetkI5VwAEwjk_.jpg,https://t.co/jThsZauoS7
"""987826713731084288""","""987826709410938880""",https://pbs.twimg.com/media/DbV3KJIVAAAfaLZ.jpg,https://t.co/ufZKq4sKU2
"""987826654880792577""","""987826648899698688""",https://pbs.twimg.com/media/DbV3GntUwAAKGnp.jpg,https://t.co/2u6FqjGUdK
"""987088942024482816""","""987088927755460608""",https://pbs.twimg.com/media/DbLYJmSV4AAQ5Af.jpg,https://t.co/UXVYj0A4kn
"""987018094999625729""","""987018084551553024""",https://pbs.twimg.com/media/DbKXt-yU8AA_tnI.jpg,https://t.co/PGKUQ8nP7w
"""986956373429751809""","""986956369856270336""",https://pbs.twimg.com/media/DbJfltoXkAAoMfk.jpg,https://t.co/3EHI1tbPEB
"""986364605638127617""","""986364600470794241""",https://pbs.twimg.com/media/DbBFYM4U8AEvRQl.jpg,https://t.co/rmniRN2jSH
"""986364564517171200""","""986364556405391361""",https://pbs.twimg.com/media/DbBFVouUQAEj9l5.jpg,https://t.co/Gg7C9IyC81
"""986364474817851392""","""986364467058327552""",https://pbs.twimg.com/media/DbBFQb4UQAAFZTT.jpg,https://t.co/MXH4hPppRY
"""982109900506513409""","""982109892713496577""",https://pbs.twimg.com/media/DaEnvnWVwAESgkP.jpg,https://t.co/904MYAlvqv
"""981781690149322752""","""981781680951197696""",https://pbs.twimg.com/media/DZ_9PLQVAAAXS_6.jpg,https://t.co/zCYZQsAzmq
"""981760106118373376""","""981760100921622528""",https://pbs.twimg.com/media/DZ_pnDYVwAAKHC_.jpg,https://t.co/Wgq1RHubi7
"""977353593714917376""","""977353550606020609""",https://pbs.twimg.com/media/DZBB4EPWsAEQw2N.jpg,https://t.co/xLi9X9qOdy
"""977278788399542273""","""977278665191964672""",https://pbs.twimg.com/media/DY_9xKVVwAAmS67.jpg,https://t.co/Oe2svCSWvW
"""975877696751153152""","""975877692041052160""",https://pbs.twimg.com/media/DYsDlypVwAAjpgq.jpg,https://t.co/k3m8wBXKxU
"""975133458698706944""","""975133417363857408""",https://pbs.twimg.com/media/DYherTaV4AA5CbI.jpg,https://t.co/6FD4UXjsmi
"""972247873323614208""","""972247782466531328""",https://pbs.twimg.com/media/DX4eNPuUMAAIcW4.jpg,https://t.co/ZhgLsisSmd
"""972213676072689671""","""972213501082120192""",https://pbs.twimg.com/media/DX3_BznWsAA0QM7.jpg,https://t.co/CwAQp8dkEV
"""971904283124756480""","""971904261624807424""",https://pbs.twimg.com/media/DXzlxs3VwAACSK9.jpg,https://t.co/jiyaOTcNQD
"""971758709021052928""","""971758706785472513""",https://pbs.twimg.com/media/DXxhZS1XUAEitUc.jpg,https://t.co/5M7zfUPXtH
"""971161236959211520""","""971161220945498113""",https://pbs.twimg.com/media/DXpB_CoXUAEIKIT.jpg,https://t.co/wDZVdjRvbI
"""971145889933742080""","""971145856211550208""",https://pbs.twimg.com/media/DXo0AsiVAAAwM5J.png,https://t.co/z81cjW3SLh
"""969741556453318656""","""969741437083443201""",https://pbs.twimg.com/media/DXU2svlV4AEUdSF.jpg,https://t.co/aMKKKLwgQB
"""967125062909181952""","""967125036040507392""",https://pbs.twimg.com/media/DWvrGKKU0AAMNX2.jpg,https://t.co/zA8bQOazpA
"""966021052433231872""","""966021047119093760""",https://pbs.twimg.com/media/DWf_Bi8VoAA2dnB.jpg,https://t.co/wgp7rYqBxi
"""964980622031638528""","""964980618386788352""",https://pbs.twimg.com/media/DWRMwn4U0AA3Cgb.jpg,https://t.co/uBlkzmUQEo
"""963572531192987649""","""963572392810315776""",https://pbs.twimg.com/media/DV9L_GzVAAA260T.jpg,https://t.co/xSO8vy3Xjk
"""960991164403871744""","""960991153373044736""",https://pbs.twimg.com/media/DVYgXMkX4AAObBx.jpg,https://t.co/Sogs4uagVg
"""960966371625525248""","""960966365225082881""",https://pbs.twimg.com/media/DVYJ0VhW4AEQ6Wl.jpg,https://t.co/RMSuPcKXKk
"""959936598082142208""","""959936591807488001""",https://pbs.twimg.com/media/DVJhPomVoAEJEZa.jpg,https://t.co/kxUY5Y5xwA
"""959840810241052672""","""959840804884721664""",https://pbs.twimg.com/media/DVIKIGgUMAAUgN3.jpg,https://t.co/eiuYt6mNmI
"""959664020356780038""","""959664017567608833""",https://pbs.twimg.com/media/DVFpVubXcAE6oET.jpg,https://t.co/zvQMsD4dKX
"""959507156797153282""","""959507138195243008""",https://pbs.twimg.com/media/DVDaqJOUQAAq1US.jpg,https://t.co/lJLeK3hdq6
"""959506731725479941""","""959506723752022016""",https://pbs.twimg.com/media/DVDaSBTWkAAD9Sd.jpg,https://t.co/gaLiG7viEA
"""959506731725479941""","""959506728797769728""",https://pbs.twimg.com/media/DVDaSUGWkAA0or1.jpg,https://t.co/gaLiG7viEA
"""959490707038797826""","""959490697702268928""",https://pbs.twimg.com/media/DVDLtLnV4AAXI1z.jpg,https://t.co/b9IZOxaM5g
"""959471533721817088""","""959471530232004608""",https://pbs.twimg.com/media/DVC6RfOUQAAQIJ6.jpg,https://t.co/d8a8buZfqo
"""959456699877863425""","""959456697420075009""",https://pbs.twimg.com/media/DVCsyGsX0AErTFL.jpg,https://t.co/F92MUSukCJ
"""959293174605729793""","""959293172231761924""",https://pbs.twimg.com/media/DVAYDr5U8AQJdMX.jpg,https://t.co/O3gGmaYotQ
"""959190840366297088""","""959190825467981825""",https://pbs.twimg.com/media/DU-6-UfVMAE_syX.jpg,https://t.co/FjMEvLeKEi
"""958831568088281088""","""958831554523885568""",https://pbs.twimg.com/media/DU50N_7U8AAUCl6.jpg,https://t.co/Mlsb05Pxzf
"""958399458756083712""","""958399455606145025""",https://pbs.twimg.com/media/DUzrOiBVAAEsb9B.jpg,https://t.co/5ODnByZtRq
"""957784647810801665""","""957784642316156928""",https://pbs.twimg.com/media/DUq8DsCUQAAZh4k.jpg,https://t.co/XGfoQrGy5Q
"""957524495232679937""","""957524487880155137""",https://pbs.twimg.com/media/DUnPctPVoAEwmHT.jpg,https://t.co/FLcbn50gRG
"""957416481074987008""","""957416470568353792""",https://pbs.twimg.com/media/DUltNRZVwAA27Tj.jpg,https://t.co/Q4zIgfGGKT
"""955990809475653632""","""955990764760088576""",https://pbs.twimg.com/media/DURciRYUQAAtvZk.jpg,https://t.co/nA5mznXJq7
"""955875786564784128""","""955875784480129028""",https://pbs.twimg.com/media/DUPz9idWAAQ5Z51.jpg,https://t.co/hvsdcdl2rt
"""955864315961077760""","""955864310927974402""",https://pbs.twimg.com/media/DUPphsJV4AI4XJU.jpg,https://t.co/bChwzy04Tq
"""955864315961077760""","""955864310927958021""",https://pbs.twimg.com/media/DUPphsJVoAUJ7WY.jpg,https://t.co/bChwzy04Tq
"""955864315961077760""","""955864310932058112""",https://pbs.twimg.com/media/DUPphsKUMAAMj8u.jpg,https://t.co/bChwzy04Tq
"""955864315961077760""","""955864310927929345""",https://pbs.twimg.com/media/DUPphsJVMAEmTDW.jpg,https://t.co/bChwzy04Tq
"""954795797945577472""","""954795744795361280""",https://pbs.twimg.com/media/DUAdq9GVAAAE5XY.jpg,https://t.co/FVqsd5dbdM
"""952657845593391104""","""952657843278069760""",https://pbs.twimg.com/media/DTiFQtUUQAAsvhd.jpg,https://t.co/nd6nYzSEKs
"""952600644753416192""","""952600630857687040""",https://pbs.twimg.com/media/DThROgcV4AAFw4P.jpg,https://t.co/ttDs9CtrJb
"""952600518177652736""","""952600415706628096""",https://pbs.twimg.com/media/DThRB-8VQAAN6bw.jpg,https://t.co/dPVPGeN4CY
"""952599036954947584""","""952599020504928256""",https://pbs.twimg.com/media/DThPwxaU0AAv6ti.jpg,https://t.co/Rd4ScdTicW
"""951546756713648128""","""951546754100379648""",https://pbs.twimg.com/media/DTSSuzlUQAAYDSl.jpg,https://t.co/zxqssO83UH
"""951529413342089217""","""951529410255040512""",https://pbs.twimg.com/media/DTSC9QuWsAAuvLP.jpg,https://t.co/OUttKdroQ6
"""950848900029493248""","""950848894744780800""",https://pbs.twimg.com/media/DTIYCC5V4AAYmTo.jpg,https://t.co/Om5ET3qneJ
"""950479857661562881""","""950479846014103553""",https://pbs.twimg.com/media/DTDIYlPWsAEmaBo.jpg,https://t.co/aRM8eX5PYS
"""949826895335444480""","""949826804721709056""",https://pbs.twimg.com/media/DS52ck2U8AATaoN.jpg,https://t.co/XLfJDmQIkl
"""949826709871763456""","""949826686257840128""",https://pbs.twimg.com/media/DS52VriVwAA4uG3.jpg,https://t.co/pOAJZlXGkH
"""949826555659698176""","""949826538756689920""",https://pbs.twimg.com/media/DS52NGDU0AAL8oB.jpg,https://t.co/XJf6QmyReH
"""949826203828940800""","""949826164960346117""",https://pbs.twimg.com/media/DS513VjVQAUTvJ0.jpg,https://t.co/01gEjs0FOa
"""946897880484274176""","""946897870661099520""",https://pbs.twimg.com/media/DSQOmLNUIAAaE8K.jpg,https://t.co/Bu0YknzYK8
"""944301335532281856""","""944301318482542592""",https://pbs.twimg.com/media/DRrVC8kVwAAWxx1.jpg,https://t.co/kln7khTCgv
"""943657109945593857""","""943657103960391681""",https://pbs.twimg.com/media/DRiLIudVQAEjBC4.jpg,https://t.co/p9IxY8xgXz
"""943657022993588224""","""943657015640866816""",https://pbs.twimg.com/media/DRiLDlcUQAAz8CX.jpg,https://t.co/XGdbFcCihN
"""941498851101495297""","""941498841265614853""",https://pbs.twimg.com/media/DRDgNTYUMAUdkmt.jpg,https://t.co/bfo9HZhZTi
"""939291579013058561""","""939291570712354816""",https://pbs.twimg.com/media/DQkItPzUIAA2y2k.jpg,https://t.co/OIASs1ZV0p
"""939165759888023552""","""939165745182752770""",https://pbs.twimg.com/media/DQiWRPLVQAIUkJb.jpg,https://t.co/E5rFRJ5LoZ
"""938900951401984001""","""938900598354722816""",https://pbs.twimg.com/media/DQelHqRVwAAYuX-.jpg,https://t.co/Tq9xOt2c8w
"""938206314215350272""","""938206302961991680""",https://pbs.twimg.com/media/DQUtqWYVAAAkrha.jpg,https://t.co/VkiNZimfjf
"""936759129862914048""","""936759111529590784""",https://pbs.twimg.com/media/DQAJcuLU8AAtzgl.jpg,https://t.co/R9Lc64cMJk
"""936316285410877440""","""936316272161193985""",https://pbs.twimg.com/media/DP52sE-WAAE4CU4.jpg,https://t.co/lZfocnJ1ko
"""935654904328175616""","""935654774288117760""",https://pbs.twimg.com/media/DPwdD1XXcAAGbeS.jpg,https://t.co/S5OCxnGV5I
"""935641692492853248""","""935640638594285568""",https://pbs.twimg.com/media/DPwQNBzVAAAT6kk.jpg,https://t.co/7Hzi3oUUo3
"""935191559783333888""","""935191556885135360""",https://pbs.twimg.com/media/DPp3xCEVQAA17rL.jpg,https://t.co/jZjMGYFTn3
"""935182210499452928""","""935182201091629056""",https://pbs.twimg.com/media/DPpvQdBVoAAshMp.jpg,https://t.co/nt5lFX738d
"""933461355843043329""","""933461345114185728""",https://pbs.twimg.com/media/DPRSJc8W4AAGUg_.jpg,https://t.co/Xn7lLjXZQm
"""932793480111308800""","""932793419583258624""",https://pbs.twimg.com/media/DPHyrEcVAAAYi3M.jpg,https://t.co/jFCK8UAGB3
"""932067709315031040""","""932067698606981122""",https://pbs.twimg.com/media/DO9eojIVwAIFn5n.jpg,https://t.co/DTBipRn4Ia
"""932067586774220800""","""932067576284266496""",https://pbs.twimg.com/media/DO9ehbcVQAAnTFG.jpg,https://t.co/FNmM7zVfNy
"""932067411150348291""","""932067373019832320""",https://pbs.twimg.com/media/DO9eVmOUIAAjsV2.jpg,https://t.co/SIRk2BgSBC
"""931554678030110720""","""931554669163290626""",https://pbs.twimg.com/media/DO2MCThVoAIO1EM.jpg,https://t.co/gfAmUNcGMg
"""931320817127972866""","""931320778217410561""",https://pbs.twimg.com/media/DOy3UD2W0AEgVfr.jpg,https://t.co/aaPRtWSWuU
"""930578272148062208""","""930578266871750656""",https://pbs.twimg.com/media/DOoUANiW4AAWj_0.jpg,https://t.co/Hgvqvk9waa
"""930578272148062208""","""930578267005911040""",https://pbs.twimg.com/media/DOoUAOCWAAAPaHL.jpg,https://t.co/Hgvqvk9waa
"""930578272148062208""","""930578267190554625""",https://pbs.twimg.com/media/DOoUAOuXcAEJMbX.jpg,https://t.co/Hgvqvk9waa
"""930538581353029635""","""930538577519370243""",https://pbs.twimg.com/media/DOnv5_LW4AMdrBg.jpg,https://t.co/x1Z5nTsY6D
"""930503357055275009""","""930503353733468160""",https://pbs.twimg.com/media/DOnP3sWX0AA6h6e.jpg,https://t.co/oCNLojsjqW
"""930442550879461378""","""930442402413928448""",https://pbs.twimg.com/media/DOmYb2_X4AANPNj.png,https://t.co/pg4tmRRCkQ
"""930206795754119168""","""930206412847722496""",https://pbs.twimg.com/media/DOjBzdWUMAAIPK6.jpg,https://t.co/LAG6kR3m6Q
"""929717478154006528""","""929717459816517632""",https://pbs.twimg.com/media/DOcFGpXXkAAthYW.jpg,https://t.co/SBItEx6Dcy
"""929477067611160576""","""929477044903145472""",https://pbs.twimg.com/media/DOYqcqBU8AAZrP_.jpg,https://t.co/eAsbTg5STR
"""929477067611160576""","""929477044949229569""",https://pbs.twimg.com/media/DOYqcqMUIAE-Cr5.jpg,https://t.co/eAsbTg5STR
"""929382325850333184""","""929382314651484160""",https://pbs.twimg.com/media/DOXUSoVVAAAVTdb.jpg,https://t.co/uFZxNSFnuF
"""929127342491934721""","""929126940224536576""",https://pbs.twimg.com/media/DOTsB4dUQAAfecO.jpg,https://t.co/xsEhJNC39u
"""929096078053560321""","""929096075675361282""",https://pbs.twimg.com/media/DOTP9VDW4AI3DiN.jpg,https://t.co/7CkF2pPzxK
"""929053674814439427""","""929053668325736449""",https://pbs.twimg.com/media/DOSpY5XUQAEwXO-.jpg,https://t.co/Gq5hK6lvbS
"""929038569620082688""","""929038566813876225""",https://pbs.twimg.com/media/DOSbp32UQAEB8-k.jpg,https://t.co/MFWDlcMDt8
"""929035085919215617""","""929035082207199233""",https://pbs.twimg.com/media/DOSYfCrWAAE3GYy.jpg,https://t.co/bSX9HHmfS5
"""928857518914396160""","""928857516066435072""",https://pbs.twimg.com/media/DOP2_VQXcAAhs0-.jpg,https://t.co/qheGg46oZc
"""928857292660989952""","""928857289959854080""",https://pbs.twimg.com/media/DOP2yK8W0AA8JeN.jpg,https://t.co/Vei1PqMxXn
"""928789331346563072""","""928789329219960838""",https://pbs.twimg.com/media/DOO4-VdUQAYPXXv.jpg,https://t.co/sNHT65ajkO
"""928760748553199616""","""928760745285754880""",https://pbs.twimg.com/media/DOOe-iAVoAAm8xG.jpg,https://t.co/0iSuI3NbTu
"""928466935947452416""","""928466933967740930""",https://pbs.twimg.com/media/DOKTwdjX4AItxV9.jpg,https://t.co/lopIDEnITi
"""927666673036836864""","""927666091840520192""",https://pbs.twimg.com/media/DN-7ZUJUQAAlxaP.jpg,https://t.co/ppL0lwCcEV
"""927379083494854658""","""927379070358249472""",https://pbs.twimg.com/media/DN62WdzV4AAg26N.jpg,https://t.co/yKrmCEUUmr
"""927315970711887872""","""927315960662392832""",https://pbs.twimg.com/media/DN588_3VAAAyaN5.jpg,https://t.co/2LjTsOeWQ7
"""925439900098236416""","""925439893173444608""",https://pbs.twimg.com/media/DNfSrf2UIAAiHRi.jpg,https://t.co/yFyPnanpTj
"""925437794553536512""","""925437756905480192""",https://pbs.twimg.com/media/DNfQvJoV4AAv7hj.jpg,https://t.co/5puwU5eenS
"""925415372781584384""","""925415366355906560""",https://pbs.twimg.com/media/DNe8X2VU8AA99JU.jpg,https://t.co/9crFRKDH8K
"""925320237645488128""","""925320235028185088""",https://pbs.twimg.com/media/DNdl2ehWAAAPqch.jpg,https://t.co/HHnkRA0BK8
"""925319933033979904""","""925319922414002176""",https://pbs.twimg.com/media/DNdlkR8UIAAg4Jo.jpg,https://t.co/4kBcwXr4Cx
"""923978777692123137""","""923978772096749569""",https://pbs.twimg.com/media/DNKhzDrUEAEUT8H.jpg,https://t.co/BqB4EGaeaz
"""923641671551610881""","""923641664882728960""",https://pbs.twimg.com/media/DNFvM1cV4AAifU7.jpg,https://t.co/BgA5xEmPRD
"""923519847237083136""","""923519844993130497""",https://pbs.twimg.com/media/DNEAZ-_W4AEBEPu.jpg,https://t.co/h24QT0Zrdw
"""923254803345555456""","""923254795296739328""",https://pbs.twimg.com/media/DNAPWD7WkAABByL.jpg,https://t.co/UOpvpDBXhp
"""920725979009601536""","""920725367983353856""",https://pbs.twimg.com/media/DMcS2A5WsAAbPzs.jpg,https://t.co/aOJJn0ezk7
"""920725202765602817""","""920724568402251776""",https://pbs.twimg.com/media/DMcSHeOXUAAFmtt.jpg,https://t.co/mvUOFpO7m2
"""920724298628726789""","""920723972622356480""",https://pbs.twimg.com/media/DMcRkyxXkAAaCLz.jpg,https://t.co/f2Mz3mflSs
"""920723849058115584""","""920723548330749953""",https://pbs.twimg.com/media/DMcRMGKXcAEPQNU.jpg,https://t.co/naA3MDeGQC
"""920662003777118209""","""920651414573023233""",https://pbs.twimg.com/media/DMbPlW-WAAERo_o.jpg,https://t.co/sWg6414YZF
"""920391754133770240""","""920391178746396672""",https://pbs.twimg.com/media/DMXi5o-VAAA3zhT.jpg,https://t.co/doqqWMbwFF
"""920379001365024768""","""920378995346063360""",https://pbs.twimg.com/media/DMXX0eRVQAAh8iX.jpg,https://t.co/N6pFu2YQxm
"""919743470557806592""","""919743416124108800""",https://pbs.twimg.com/media/DMOVw5KU8AA-vfo.jpg,https://t.co/B5Pc972USx
"""919740394698506242""","""919740392764874752""",https://pbs.twimg.com/media/DMOTA6RUIAAWz4b.jpg,https://t.co/ncg6rBc6ca
"""919739873250050048""","""919739778668490752""",https://pbs.twimg.com/media/DMOSdKlU8AA1qxo.jpg,https://t.co/J8HnKY5EU3
"""919737177931517953""","""919737101716819968""",https://pbs.twimg.com/media/DMOQBWKUEAAVCU6.jpg,https://t.co/60wcoZ4tcZ
"""919735415657123842""","""919735315870367745""",https://pbs.twimg.com/media/DMOOZZXVwAEdsZB.jpg,https://t.co/dCQyUFURq0
"""919733301618737152""","""919733290507972614""",https://pbs.twimg.com/media/DMOMjgTUMAY0JIg.jpg,https://t.co/SJjDP8aNre
"""919730728929083392""","""919730712130940928""",https://pbs.twimg.com/media/DMOKNbGU8AAsiwA.jpg,https://t.co/s6h4PLk6MW
"""919644239293661184""","""919644235816509440""",https://pbs.twimg.com/media/DMM7j1uUIAA_eEG.jpg,https://t.co/kfeJm2K70l
"""919595660701155333""","""919595648302714880""",https://pbs.twimg.com/media/DMMPXrIUEAAF8ID.jpg,https://t.co/DMqrk3V4fv
"""919595660701155333""","""919595648298524672""",https://pbs.twimg.com/media/DMMPXrHUIAAMmlH.jpg,https://t.co/DMqrk3V4fv
"""919595660701155333""","""919595648302718976""",https://pbs.twimg.com/media/DMMPXrIUIAAmD_S.jpg,https://t.co/DMqrk3V4fv
"""919595660701155333""","""919595648298631168""",https://pbs.twimg.com/media/DMMPXrHVwAAl2JR.jpg,https://t.co/DMqrk3V4fv
"""919403927073726464""","""919403917791838208""",https://pbs.twimg.com/media/DMJg_fUVwAAh842.jpg,https://t.co/CyPylpuQIR
"""919391500525375488""","""919391491688079360""",https://pbs.twimg.com/media/DMJVsMeVoAALzqo.jpg,https://t.co/OaNfbwOAcN
"""919389214101217281""","""919389204492165121""",https://pbs.twimg.com/media/DMJTnEAVoAE3W-l.jpg,https://t.co/jfAVn14qC2
"""919379871138160640""","""919379864875974656""",https://pbs.twimg.com/media/DMJLHbOUQAAK9YZ.jpg,https://t.co/ApuC9hBmag
"""919376494585155584""","""919376364339367936""",https://pbs.twimg.com/media/DMJH7qtWkAA3A4g.jpg,https://t.co/AcgjaqksqP
"""919367090674397184""","""919367085863591936""",https://pbs.twimg.com/media/DMI_flsV4AAWIap.jpg,https://t.co/jNcltWLbEB
"""919366792035704833""","""919366789787664384""",https://pbs.twimg.com/media/DMI_OWuVwAAi4bO.jpg,https://t.co/yj02eCO9ss
"""919365859205959681""","""919365853778386944""",https://pbs.twimg.com/media/DMI-X30VoAACC0X.jpg,https://t.co/G6NDSCIioz
"""919364477945966593""","""919364471809703936""",https://pbs.twimg.com/media/DMI9HblVAAAlkoY.jpg,https://t.co/MMfpD9w6fA
"""919351247190286338""","""919351239036477440""",https://pbs.twimg.com/media/DMIxFLqVoAA15BU.jpg,https://t.co/gxMfKjrR5e
"""919345238451167232""","""919344408276774912""",https://pbs.twimg.com/media/DMIq3lGUMAAsWug.jpg,https://t.co/zrMjTCWGQG
"""919293663485689857""","""919293658108588032""",https://pbs.twimg.com/media/DMH8th_U8AAWX0s.jpg,https://t.co/zBSn9T0uvy
"""919271397750333440""","""919271393769938944""",https://pbs.twimg.com/media/DMHodk3V4AAWQmM.jpg,https://t.co/kWD9hzldhy
"""919264406898274304""","""919264356163973121""",https://pbs.twimg.com/media/DMHiD7vU8AEO4a4.jpg,https://t.co/SmwcLkjHCw
"""919259247472410625""","""919252711580647426""",https://pbs.twimg.com/media/DMHXeISUQAI8u85.jpg,https://t.co/uVFW8OSgNY
"""919237242106908675""","""919235939133566976""",https://pbs.twimg.com/media/DMHIN2DUMAA8wEz.jpg,https://t.co/5dr4kjm2Js
"""919024191738990592""","""919024182070878208""",https://pbs.twimg.com/media/DMEHn9hUIAAnX0q.jpg,https://t.co/NBYibVPVXE
"""919009021771829248""","""919009010115739648""",https://pbs.twimg.com/media/DMD501lVAAAJbXF.jpg,https://t.co/KC4BMvWlGW
"""918981022951206913""","""918979602571071489""",https://pbs.twimg.com/media/DMDfFF8UEAEUMm4.jpg,https://t.co/BlXaoNnixM
"""918963607836155904""","""918963599581724673""",https://pbs.twimg.com/media/DMDQhmKVQAEs4Jl.jpg,https://t.co/KncnxFKfeo
"""918961013700960256""","""918961007313092608""",https://pbs.twimg.com/media/DMDOKtNVAAAKxba.jpg,https://t.co/JV0bLreI7s
"""918897174947102720""","""918897163458904064""",https://pbs.twimg.com/media/DMCUGgUVAAArCjw.jpg,https://t.co/cZ232JzwMZ
"""917831489651335168""","""917831472483930112""",https://pbs.twimg.com/media/DLzK3IEUEAAh0a8.jpg,https://t.co/jIXLPbKnZQ
"""915950349583835141""","""915950344542318592""",https://pbs.twimg.com/media/DLYb_EZXcAAwoqR.jpg,https://t.co/rVXZc35qMd
"""915274359157256192""","""915274278274306050""",https://pbs.twimg.com/media/DLO1G1SXkAID3yI.jpg,https://t.co/l0RxBoP73i
"""914886651779751936""","""914886645224054784""",https://pbs.twimg.com/media/DLJUjnpUIAAgEiF.jpg,https://t.co/O9InGWW3P9
